formula,Property Test temperature,Property Test temperature units,Property Type of test,Property YS,Property YS units,Property Processing method
Co$_{0.25}$CrNi,25.0,$^\circ$C,T,356.0,MPa,WROUGHT
Al$_{0.5}$MoNbTiV,25.0,$^\circ$C,C,1625.0,MPa,CAST
HfMo$_{0.5}$NbSi$_{0.5}$TiV$_{0.5}$,25.0,$^\circ$C,C,1787.0,MPa,CAST
MoNbTaVW,1400.0,$^\circ$C,C,656.0,MPa,CAST
MoNbTaW,25.0,$^\circ$C,C,1217.0,MPa,POWDER
AlCrCuFeNi$_{0.8}$,25.0,$^\circ$C,,,,ANNEAL
CoCuFeMnNi,900.0,$^\circ$C,,,,CAST
Hf$_{0.787}$Nb$_{0.142}$Ta$_{0.142}$TiZr$_{0.787}$,25.0,$^\circ$C,T,540.0,MPa,WROUGHT
Cr$_{0.286}$Mo$_{0.476}$NbTa$_{0.024}$Ti$_{0.31}$V$_{0.286}$,25.0,$^\circ$C,C,2680.0,MPa,POWDER
FeMnNi,25.0,$^\circ$C,T,372.0,MPa,WROUGHT
Al$_{0.667}$CoCrCuFeMnNiTiV,25.0,$^\circ$C,C,1461.0,MPa,CAST
CoCrFeMnNi,25.0,$^\circ$C,T,494.82,MPa,WROUGHT
AlNbTiV,25.0,$^\circ$C,C,1000.0,MPa,ANNEAL
HfNbTaTiZr,300.0,$^\circ$C,,,,WROUGHT
AlCrFeMo$_{0.5}$Ni,25.0,$^\circ$C,C,1914.1,MPa,CAST
Al$_{0.05}$Cr$_{0.5}$FeMn$_{0.625}$Ni$_{0.375}$,600.0,$^\circ$C,C,155.0,MPa,CAST
Al$_{0.774}$FeMn$_{0.903}$Ni$_{0.484}$Ti$_{0.026}$,,,,,,CAST
AlCoCrFeNiTi$_{0.5}$,25.0,$^\circ$C,C,2260.0,MPa,CAST
Al$_{0.417}$Co$_{0.833}$Cr$_{0.833}$Cu$_{0.833}$Fe$_{0.833}$Ni$_{0.833}$Ti,25.0,$^\circ$C,,,,CAST
Co$_{0.286}$Cr$_{0.429}$FeMn$_{0.143}$Ni$_{0.714}$V$_{0.286}$,25.0,$^\circ$C,T,210.0,MPa,WROUGHT
Co$_{0.2}$Cr$_{0.2}$FeMn$_{0.6}$,25.0,$^\circ$C,T,350.0,MPa,WROUGHT
AlCo$_{0.234}$Cr$_{0.468}$Cu$_{0.106}$Fe$_{0.213}$Ni$_{0.106}$,,,,,,
HfScTiZr,25.0,$^\circ$C,C,1001.0,MPa,CAST
B$_{0.012}$Co$_{0.202}$Cr$_{0.202}$FeMn$_{0.607}$,,,,,,CAST
CoFeNi,25.0,$^\circ$C,T,211.0,MPa,WROUGHT
AlCo$_{0.255}$Cr$_{0.426}$Cu$_{0.106}$Fe$_{0.234}$Ni$_{0.106}$,,,,,,
AlCoCuFeNiSi,25.0,$^\circ$C,,,,CAST
AlCo$_{0.278}$Cr$_{0.861}$Cu$_{0.167}$Fe$_{0.25}$Ni$_{0.222}$,,,,,,
CoCrCuFeNiTi,25.0,$^\circ$C,C,1272.0,MPa,CAST
Mo$_{0.1}$NbTiV$_{0.3}$Zr,25.0,$^\circ$C,C,932.0,MPa,ANNEAL
AlNbTiZr,25.0,$^\circ$C,C,1579.0,MPa,ANNEAL
HfNbTaTiZr,280.0,$^\circ$C,,,,WROUGHT
HfMo$_{0.5}$NbSi$_{0.3}$TiV$_{0.5}$,23.0,$^\circ$C,C,1617.0,MPa,CAST
CrMoNbTi,600.0,$^\circ$C,C,1062.0,MPa,ANNEAL
AlCu$_{0.077}$Mg$_{0.077}$Ni$_{0.077}$Si$_{0.231}$Zn$_{0.077}$,25.0,$^\circ$C,C,534.0,MPa,CAST
CoFeNi,25.0,$^\circ$C,T,201.0,MPa,WROUGHT
HfNbTaZr,25.0,$^\circ$C,C,2310.0,MPa,ANNEAL
Al$_{0.304}$CoCrFeNi,25.0,$^\circ$C,T,280.0,MPa,ANNEAL
AlCo$_{0.4}$Cr$_{0.4}$Cu$_{0.4}$Fe$_{0.4}$,25.0,$^\circ$C,,,,
Al$_{0.25}$Cr$_{0.5}$Nb$_{0.5}$TiV$_{0.25}$,25.0,$^\circ$C,C,1340.0,MPa,ANNEAL
Co$_{0.286}$Cr$_{0.429}$FeMn$_{0.143}$Ni$_{0.714}$V$_{0.286}$,25.0,$^\circ$C,T,350.0,MPa,WROUGHT
NbTiVZr,800.0,$^\circ$C,C,187.0,MPa,OTHER
AlCo$_{0.535}$Cr$_{0.488}$Fe$_{0.186}$Ni$_{0.116}$,,,,,,
Co$_{0.25}$Cr$_{0.25}$FeMn,25.0,$^\circ$C,T,559.0,MPa,WROUGHT
Hf$_{0.25}$Nb$_{0.375}$TiV$_{0.5}$Zr$_{0.5}$,25.0,$^\circ$C,C,1025.0,MPa,CAST
CoCuFeNi,25.0,$^\circ$C,T,,,CAST
CoCrCuFeNiTi$_{0.5}$,25.0,$^\circ$C,C,700.0,MPa,CAST
Co$_{0.986}$Cr$_{0.952}$Fe$_{0.933}$Mn$_{0.914}$Ni,25.0,$^\circ$C,T,1135.0,MPa,WROUGHT
Al$_{0.167}$CoCrFeNiTi$_{0.083}$,25.0,$^\circ$C,T,1005.0,MPa,WROUGHT
CoCrCuFeNi,25.0,$^\circ$C,,,,CAST
Al$_{0.15}$Cr$_{0.5}$Cu$_{0.25}$Fe$_{0.5}$Ni,25.0,$^\circ$C,T,255.0,MPa,WROUGHT
AlLiMgSnZn,25.0,$^\circ$C,C,600.0,MPa,CAST
AlCo$_{0.5}$Cr$_{0.5}$Cu$_{0.5}$Fe$_{0.5}$Ni$_{0.5}$,700.0,$^\circ$C,C,567.0,MPa,CAST
Al$_{0.5}$NbTa$_{0.5}$TiZr,25.0,$^\circ$C,C,1740.0,MPa,WROUGHT
Al$_{0.3}$CoCrFeNi,25.0,$^\circ$C,T,161.0,MPa,WROUGHT
CrCuFeMnNi,,,,,,ANNEAL
HfNbTaTiZr,25.0,$^\circ$C,C,1073.0,MPa,CAST
HfNbTaTi,20.0,$^\circ$C,C,834.0,MPa,ANNEAL
Co$_{0.476}$Cr$_{0.476}$Fe$_{0.476}$Nb$_{0.19}$Ni,25.0,$^\circ$C,T,640.0,MPa,CAST
MoNbSi$_{0.75}$TaW,800.0,$^\circ$C,,,,POWDER
CoCr$_{0.053}$Ni,25.0,$^\circ$C,T,,,WROUGHT
Al$_{0.229}$Co$_{0.486}$Cr$_{0.4}$Cu$_{0.229}$Fe$_{0.486}$Mo$_{0.003}$NiTi$_{0.029}$W$_{0.003}$,,,,,,ANNEAL
AlNbTiV,25.0,$^\circ$C,C,1020.0,MPa,ANNEAL
HfNbTaTiZr,25.0,$^\circ$C,T,827.0,MPa,CAST
AlMoNbTi,1000.0,$^\circ$C,C,540.0,MPa,ANNEAL
NbTiZr,25.0,$^\circ$C,T,956.0,MPa,CAST
Nb$_{0.5}$Ti$_{0.5}$VZr$_{0.5}$,25.0,$^\circ$C,C,918.0,MPa,OTHER
AlCoCrFeNb$_{0.1}$Ni,25.0,$^\circ$C,C,1641.0,MPa,CAST
HfMoNbTaZr,1400.0,$^\circ$C,C,278.0,MPa,CAST
MoNbRe$_{0.5}$W,25.0,$^\circ$C,C,896.0,MPa,CAST
CoCrFeMnMo$_{0.087}$Ni,25.0,$^\circ$C,C,330.0,MPa,CAST
AlCuFeNiTi,25.0,$^\circ$C,C,1074.0,MPa,CAST
AlCoCrCuNiTiY$_{0.8}$,25.0,$^\circ$C,C,,,CAST
HfMoNbTaTiZr,25.0,$^\circ$C,C,1512.0,MPa,CAST
CrMoTaTi,800.0,$^\circ$C,C,1162.0,MPa,ANNEAL
CoCrMoNbTi$_{0.5}$,25.0,$^\circ$C,C,,,CAST
AlCrFeMo$_{0.5}$NiTi$_{0.6}$,25.0,$^\circ$C,C,1314.5,MPa,CAST
AlNbTiZr,25.0,$^\circ$C,C,1080.0,MPa,
Al$_{0.667}$NbTa$_{0.333}$TiZr$_{0.333}$,25.0,$^\circ$C,C,1280.0,MPa,OTHER
MoNbTaVW,1600.0,$^\circ$C,C,477.0,MPa,CAST
CoCrNi,,,,,,
AlCo$_{0.362}$Cr$_{0.34}$Cu$_{0.106}$Fe$_{0.213}$Ni$_{0.106}$,,,,,,
MoNbTaTiVW,1200.0,$^\circ$C,C,659.0,MPa,CAST
HfNbTiZr,25.0,$^\circ$C,T,879.0,MPa,CAST
CoCrFeMnNi,25.0,$^\circ$C,T,366.88,MPa,WROUGHT
Al$_{0.4}$Cr$_{0.5}$Cu$_{0.5}$Fe$_{0.5}$Ni,25.0,$^\circ$C,,,,
Al$_{0.143}$Cr$_{0.343}$FeMn$_{0.8}$Ni$_{0.571}$,25.0,$^\circ$C,T,1253.0,MPa,CAST
Hf$_{0.5}$Nb$_{0.667}$Ta$_{0.333}$TiZr$_{0.833}$,72.0,$^\circ$C,C,1040.0,MPa,WROUGHT
Al$_{0.667}$Co$_{0.667}$Cr$_{0.667}$Fe$_{0.667}$Mo$_{0.333}$Ni,25.0,$^\circ$C,,,,CAST
Al$_{0.875}$CoCrFeNi,25.0,$^\circ$C,,,,ANNEAL
CoCrFeNb$_{0.155}$Ni,25.0,$^\circ$C,T,322.0,MPa,CAST
Al$_{0.229}$Co$_{0.486}$Cr$_{0.4}$Cu$_{0.229}$Fe$_{0.486}$Mo$_{0.003}$NiTi$_{0.029}$W$_{0.003}$,,,,,,CAST
Al$_{0.5}$NbTa$_{0.5}$TiZr,25.0,$^\circ$C,C,1500.0,MPa,WROUGHT
MoNbSi$_{0.25}$TaW,600.0,$^\circ$C,,,,POWDER
CoCrMoNbTi$_{0.2}$,25.0,$^\circ$C,C,,,CAST
MoNb$_{0.588}$Ti$_{0.588}$V$_{0.588}$Zr$_{0.588}$,25.0,$^\circ$C,C,1645.0,MPa,ANNEAL
Al$_{0.667}$CoCr$_{0.667}$Fe$_{0.667}$Mo$_{0.333}$Ni$_{0.667}$,25.0,$^\circ$C,,,,CAST
AlNbTiV,800.0,$^\circ$C,C,560.0,MPa,ANNEAL
HfMoNbTaTiZr,25.0,$^\circ$C,C,1512.0,MPa,CAST
AlCo$_{0.419}$Cr$_{0.558}$Fe$_{0.233}$Ni$_{0.116}$,,,,,,
Co$_{0.5}$Fe$_{0.5}$Mo$_{0.1}$NiV$_{0.25}$,600.0,$^\circ$C,T,214.0,MPa,CAST
AlNbTaTiV,25.0,$^\circ$C,C,993.0,MPa,CAST
MoNbTaTiW,1200.0,$^\circ$C,C,586.0,MPa,CAST
NbTaTiVZr,1200.0,$^\circ$C,C,78.0,MPa,OTHER
CoCrNi,25.0,$^\circ$C,T,597.0,MPa,WROUGHT
Co$_{0.25}$CrNi,25.0,$^\circ$C,T,395.0,MPa,WROUGHT
MoNbTiV$_{0.25}$Zr,25.0,$^\circ$C,C,1776.0,MPa,CAST
HfNbTaTi,20.0,$^\circ$C,C,860.0,MPa,ANNEAL
Co$_{0.2}$Cu$_{0.2}$Fe$_{0.2}$NbNi$_{0.2}$,25.0,$^\circ$C,C,1498.0,MPa,WROUGHT
Cr$_{0.5}$Fe$_{0.5}$NiTi$_{0.15}$,,,,,,WROUGHT
HfNbTaTiZr,25.0,$^\circ$C,T,1134.0,MPa,OTHER
HfNbTaTiZr,800.0,$^\circ$C,,,,WROUGHT
CrMoNbTiW,25.0,$^\circ$C,C,1260.0,MPa,POWDER
HfNbTaTiWZr,25.0,$^\circ$C,C,1550.0,MPa,CAST
CrMoNbTiW,25.0,$^\circ$C,C,1920.0,MPa,POWDER
Al$_{0.5}$Co$_{0.5}$Cu$_{0.5}$Fe$_{0.5}$Ni,25.0,$^\circ$C,C,544.0,MPa,CAST
Hf$_{0.5}$Mo$_{0.5}$NbSi$_{0.1}$TiZr,25.0,$^\circ$C,C,1350.0,MPa,CAST
HfNbSi$_{0.5}$TiVZr,600.0,$^\circ$C,C,597.0,MPa,ANNEAL
CoCrFeNiTi,25.0,$^\circ$C,C,,,CAST
CoCrFeMo$_{0.149}$Ni,,,,,,POWDER
Co$_{0.286}$Cr$_{0.429}$FeMn$_{0.143}$Ni$_{0.714}$V$_{0.286}$,25.0,$^\circ$C,T,312.0,MPa,WROUGHT
AlNbTiV,800.0,$^\circ$C,C,560.0,MPa,ANNEAL
Al$_{0.3}$CoCrFeNi,25.0,$^\circ$C,T,900.0,MPa,WROUGHT
CrCuFeMnNi,25.0,$^\circ$C,T,1190.0,MPa,WROUGHT
HfNbTaTiZr,760.0,$^\circ$C,,,,WROUGHT
Al$_{0.6}$Cr$_{0.5}$Cu$_{0.5}$Fe$_{0.5}$Ni,25.0,$^\circ$C,,,,
Co$_{0.986}$Cr$_{0.952}$Fe$_{0.933}$Mn$_{0.914}$Ni,25.0,$^\circ$C,T,1120.0,MPa,WROUGHT
AlCr$_{0.5}$NbTiV,1000.0,$^\circ$C,C,40.0,MPa,ANNEAL
Al$_{0.4}$Hf$_{0.6}$NbTaTiZr,800.0,$^\circ$C,C,796.0,MPa,OTHER
Mo$_{0.3}$NbTiV$_{0.3}$Zr,25.0,$^\circ$C,C,1312.0,MPa,ANNEAL
CoCuFeMnNiSn$_{0.05}$,25.0,$^\circ$C,T,,,CAST
Al$_{0.5}$CoCrCuFeNi,900.0,$^\circ$C,C,230.0,MPa,CAST
CrCuFeMnNi,25.0,$^\circ$C,T,970.0,MPa,WROUGHT
CoCuFeNiSn$_{0.07}$,25.0,$^\circ$C,T,,,CAST
Al$_{0.25}$CoCrCu$_{0.75}$FeNiTi$_{0.5}$,25.0,$^\circ$C,C,750.0,MPa,CAST
AlCoCrFeMo$_{0.5}$Ni,25.0,$^\circ$C,,,,CAST
HfNbTaTiZr,480.0,$^\circ$C,,,,WROUGHT
AlCrMoTi,23.0,$^\circ$C,C,1100.0,MPa,ANNEAL
AlCo$_{0.512}$Cr$_{0.512}$Fe$_{0.186}$Ni$_{0.116}$,,,,,,
CrNbTiZr,25.0,$^\circ$C,C,1260.0,MPa,
AlCoCrCuFeNi,,,,,,CAST
HfMoNbTiZr,25.0,$^\circ$C,C,1575.0,MPa,ANNEAL
HfNbTaTiZr,660.0,$^\circ$C,,,,WROUGHT
FeMnNi,25.0,$^\circ$C,T,407.0,MPa,WROUGHT
HfNbTiVZr,25.0,$^\circ$C,C,1253.0,MPa,ANNEAL
HfMoTaTiZr,1000.0,$^\circ$C,C,855.0,MPa,CAST
Al$_{0.5}$CoCrFeNi,25.0,$^\circ$C,,,,ANNEAL
Al$_{0.312}$Co$_{0.625}$Cr$_{0.625}$Cu$_{0.625}$Fe$_{0.625}$Ni$_{0.625}$V,25.0,$^\circ$C,,,,CAST
Al$_{0.214}$Nb$_{0.714}$Ta$_{0.714}$TiZr$_{0.929}$,25.0,$^\circ$C,C,1965.0,MPa,OTHER
CrMoTaTi,400.0,$^\circ$C,C,1175.0,MPa,ANNEAL
AlCoCrFeNi,25.0,$^\circ$C,C,1286.0,MPa,POWDER
CoCrFeMnNi,25.0,$^\circ$C,T,1362.74,MPa,WROUGHT
FeMoNbTiV,25.0,$^\circ$C,C,1707.0,MPa,CAST
Al$_{0.75}$CoFeNi,25.0,$^\circ$C,C,794.0,MPa,CAST
HfNbSi$_{0.5}$TiV,800.0,$^\circ$C,C,875.0,MPa,CAST
CoCrFeMnMo$_{0.042}$Ni,25.0,$^\circ$C,C,225.0,MPa,CAST
AlCr$_{0.5}$NbTiV,25.0,$^\circ$C,C,1300.0,MPa,ANNEAL
MoNbTaW,1600.0,$^\circ$C,C,405.0,MPa,CAST
AlCrCuFeNi,,,,,,POWDER
CoCrFeNiTi$_{0.3}$,25.0,$^\circ$C,T,540.0,MPa,WROUGHT
Hf$_{0.5}$Mo$_{0.5}$NbSi$_{0.9}$TiZr,25.0,$^\circ$C,C,1650.0,MPa,CAST
Al$_{0.5}$CoCr$_{0.5}$Fe$_{0.5}$Mo$_{0.25}$Ni$_{0.5}$,25.0,$^\circ$C,,,,CAST
Al$_{0.286}$Cr$_{0.343}$FeMn$_{0.657}$Ni$_{0.571}$,25.0,$^\circ$C,T,320.0,MPa,WROUGHT
Mo$_{0.7}$NbTiV$_{0.3}$Zr,25.0,$^\circ$C,C,1436.0,MPa,ANNEAL
CrNbTaTi,,,,,,ANNEAL
CoCrFeMo$_{0.2}$Ni,25.0,$^\circ$C,T,,,ANNEAL
MoNbSi$_{0.5}$TaW,200.0,$^\circ$C,,,,POWDER
AlNbTiV,600.0,$^\circ$C,C,780.0,MPa,ANNEAL
Al$_{0.5}$CoCrCuFeNiV$_{0.4}$,25.0,$^\circ$C,,,,CAST
AlCo$_{0.5}$CrFeMo$_{0.5}$Ni,25.0,$^\circ$C,,,,CAST
CoCrCuFeMnNiTiV,25.0,$^\circ$C,C,1312.0,MPa,CAST
MoNbTaTi,200.0,$^\circ$C,C,868.0,MPa,ANNEAL
CrHfNbTiZr,25.0,$^\circ$C,C,1420.0,MPa,ANNEAL
Al$_{0.25}$CoCrFeNi,25.0,$^\circ$C,,,,ANNEAL
AlCoCrCuFeNiTi,25.0,$^\circ$C,C,1234.0,MPa,CAST
Al$_{0.667}$CrNb$_{0.667}$Ti$_{0.667}$V$_{0.667}$,600.0,$^\circ$C,C,1370.0,MPa,ANNEAL
NbTaTiW,100.0,$^\circ$C,C,968.0,MPa,ANNEAL
CoMnNi,25.0,$^\circ$C,T,267.0,MPa,WROUGHT
Al$_{0.25}$Cr$_{0.5}$Nb$_{0.5}$TiV$_{0.25}$,1000.0,$^\circ$C,C,90.0,MPa,ANNEAL
CoCrFeMo$_{0.2}$Ni,25.0,$^\circ$C,T,,,ANNEAL
NbTiZr,800.0,$^\circ$C,C,462.0,MPa,CAST
Al$_{0.8}$CoCrFeNiTi$_{0.2}$,25.0,$^\circ$C,C,968.0,MPa,
CoCrFeMnNi,25.0,$^\circ$C,T,249.0,MPa,WROUGHT
AlMo$_{0.5}$NbTa$_{0.5}$TiZr,23.0,$^\circ$C,C,2000.0,MPa,OTHER
AlCrCuFeNi,800.0,$^\circ$C,C,48.0,MPa,POWDER
HfNbTaTiZr,220.0,$^\circ$C,,,,WROUGHT
MoNbTiV$_{0.3}$Zr,25.0,$^\circ$C,C,1455.0,MPa,ANNEAL
Al$_{0.304}$Cr$_{0.435}$Fe$_{0.435}$Ni,25.0,$^\circ$C,T,461.0,MPa,CAST
HfNbTiZr,800.0,$^\circ$C,C,303.0,MPa,CAST
CoCuFeNiSn$_{0.5}$,25.0,$^\circ$C,,,,CAST
CoCrFeMnNi,25.0,$^\circ$C,T,1199.26,MPa,WROUGHT
Co$_{0.133}$Cu$_{0.133}$Fe$_{0.133}$NbNi$_{0.133}$,25.0,$^\circ$C,C,1635.0,MPa,WROUGHT
Hf$_{0.25}$Nb$_{0.125}$TiV$_{0.5}$Zr$_{0.5}$,25.0,$^\circ$C,C,1115.0,MPa,CAST
Al$_{0.667}$Li$_{0.667}$Mg$_{0.333}$Sc$_{0.667}$Ti,25.0,$^\circ$C,,,,
CoCrFeMnNi,25.0,$^\circ$C,T,293.1,MPa,WROUGHT
CoCuFeMnNiSn$_{0.1}$,25.0,$^\circ$C,T,,,CAST
NbTaTiW,600.0,$^\circ$C,C,596.0,MPa,ANNEAL
CoCuFeMnNi,800.0,$^\circ$C,,,,CAST
NbTaTiV,25.0,$^\circ$C,C,965.0,MPa,CAST
Al$_{0.278}$Co$_{0.694}$Cr$_{0.222}$Fe$_{0.417}$NiTi$_{0.167}$,23.0,$^\circ$C,T,627.0,MPa,ANNEAL
HfMo$_{0.5}$NbTiV$_{0.5}$,1000.0,$^\circ$C,C,368.0,MPa,CAST
Al$_{0.5}$CoCrCuFeNi,25.0,$^\circ$C,T,1284.0,MPa,WROUGHT
Al$_{0.304}$CoCrFeNi,,,,,,ANNEAL
AlMo$_{0.5}$NbTa$_{0.5}$TiZr,25.0,$^\circ$C,C,2197.0,MPa,OTHER
CrTaTi$_{0.17}$VW,1200.0,$^\circ$C,C,750.0,MPa,POWDER
CoCrFeNi,-73.0,$^\circ$C,T,488.0,MPa,WROUGHT
CoCrFeNi,25.0,$^\circ$C,T,273.0,MPa,WROUGHT
MoNbTaTi$_{0.75}$W,25.0,$^\circ$C,C,1304.0,MPa,CAST
AlCoCuFeNi,25.0,$^\circ$C,C,1060.0,MPa,
Al$_{0.6}$CoCrFeNi,,,,,,CAST
CoCr$_{0.25}$Ni,25.0,$^\circ$C,T,387.0,MPa,WROUGHT
Al$_{0.5}$CoCrCuFeNi,1000.0,$^\circ$C,C,150.0,MPa,CAST
AlCoCrFeNiTiVZr,25.0,$^\circ$C,,,,CAST
CoCrMoNbTi$_{0.4}$,25.0,$^\circ$C,C,,,CAST
CoCrFeNi,20.0,$^\circ$C,T,446.0,MPa,WROUGHT
MoNbSi$_{0.25}$TaW,200.0,$^\circ$C,,,,POWDER
HfMoNbTaTiWZr,800.0,$^\circ$C,C,1065.0,MPa,CAST
Hf$_{0.25}$Nb$_{0.5}$TiV$_{0.5}$Zr$_{0.5}$,800.0,$^\circ$C,C,195.0,MPa,CAST
HfNbTaTiZr,360.0,$^\circ$C,,,,WROUGHT
Al$_{0.5}$CoCrCuFeNi,500.0,$^\circ$C,C,421.0,MPa,CAST
HfNbTaTiZr,25.0,$^\circ$C,T,830.0,MPa,WROUGHT
Al$_{0.304}$CoCrFeNi,25.0,$^\circ$C,T,260.0,MPa,
CrMoNbTaVW,25.0,$^\circ$C,C,3410.0,MPa,POWDER
CoCrCuFe,25.0,$^\circ$C,,,,
AgAlNbTiZn,,,,,,ANNEAL
Al$_{0.9}$CoCrFeNiTi$_{0.5}$,,,,,,CAST
AlMo$_{0.5}$NbTa$_{0.5}$TiZr$_{0.5}$,1000.0,$^\circ$C,C,935.0,MPa,OTHER
AlCoCrCuFeNiTi,25.0,$^\circ$C,C,1523.0,MPa,
Co$_{0.333}$Cr$_{0.667}$Fe$_{0.667}$NiTi$_{0.2}$,,,,,,WROUGHT
AlCoCrFeMo$_{0.5}$Ni,25.0,$^\circ$C,,,,CAST
AlNbTa$_{0.5}$TiZr$_{0.5}$,25.0,$^\circ$C,C,1352.0,MPa,OTHER
AlCCoCrFeNi,25.0,$^\circ$C,C,1251.0,MPa,CAST
HfMoNbTaTiWZr,1200.0,$^\circ$C,C,703.0,MPa,CAST
FeMnNi,25.0,$^\circ$C,T,460.0,MPa,WROUGHT
AlCo$_{0.667}$Cr$_{0.667}$Cu$_{0.667}$Fe$_{0.667}$,25.0,$^\circ$C,,,,
CoCrFeNiW$_{0.2}$,25.0,$^\circ$C,C,335.0,MPa,CAST
Al$_{0.1}$CoCrFeMnNi,25.0,$^\circ$C,C,1631.0,MPa,CAST
AlCoCrFeNi,700.0,$^\circ$C,T,395.0,MPa,CAST
CoCr$_{0.588}$Fe$_{0.176}$Mo$_{0.176}$Ni,25.0,$^\circ$C,T,950.0,MPa,WROUGHT
AlNbTiVZr,600.0,$^\circ$C,C,1155.0,MPa,ANNEAL
Al$_{0.242}$Co$_{0.515}$Cr$_{0.515}$Cu$_{0.242}$Fe$_{0.515}$Ni,25.0,$^\circ$C,T,215.0,MPa,ANNEAL
AlCrCuFeNi,25.0,$^\circ$C,,,,ANNEAL
CrMoNbTaVW,25.0,$^\circ$C,C,3338.0,MPa,POWDER
HfNbTaTiZr,80.0,$^\circ$C,,,,WROUGHT
CrFeNiV$_{0.5}$W,25.0,$^\circ$C,C,,,CAST
C$_{0.1}$Hf$_{0.5}$Mo$_{0.5}$NbTiZr,25.0,$^\circ$C,C,1183.0,MPa,CAST
CrNbTiVZr,25.0,$^\circ$C,C,1298.0,MPa,OTHER
Al$_{0.242}$Co$_{0.515}$Cr$_{0.515}$Cu$_{0.242}$Fe$_{0.515}$Ni,,,,,,ANNEAL
CrMoTaTi,200.0,$^\circ$C,C,1266.0,MPa,ANNEAL
AlCr$_{0.077}$Cu$_{0.077}$Mg$_{0.077}$Si$_{0.231}$Zn$_{0.077}$,25.0,$^\circ$C,C,490.0,MPa,CAST
CoCr$_{0.556}$Fe$_{0.667}$Ni$_{0.667}$,25.0,$^\circ$C,T,299.0,MPa,WROUGHT
Co$_{0.986}$Cr$_{0.952}$Fe$_{0.933}$Mn$_{0.914}$Ni,25.0,$^\circ$C,T,1290.0,MPa,WROUGHT
Al$_{0.667}$NbTa$_{0.333}$TiZr$_{0.333}$,800.0,$^\circ$C,C,728.0,MPa,OTHER
CrCuFeMnNi,25.0,$^\circ$C,T,1170.0,MPa,WROUGHT
MoNbTi,1000.0,$^\circ$C,C,504.0,MPa,OTHER
MoNb$_{0.667}$Ti$_{0.667}$V$_{0.2}$Zr$_{0.667}$,25.0,$^\circ$C,C,1576.0,MPa,ANNEAL
Al$_{0.1}$CoCrFeNi,25.0,$^\circ$C,T,1403.0,MPa,WROUGHT
HfMo$_{0.5}$NbSi$_{0.7}$TiV$_{0.5}$,1000.0,$^\circ$C,C,673.0,MPa,CAST
CoCuFeMnNiSn$_{0.2}$,25.0,$^\circ$C,T,,,CAST
Al$_{0.05}$Cr$_{0.5}$FeMn$_{0.625}$Ni$_{0.375}$,25.0,$^\circ$C,C,354.0,MPa,CAST
AlCoCrCuFeNi,800.0,$^\circ$C,C,172.0,MPa,CAST
HfMoTaTiZr,800.0,$^\circ$C,C,1045.0,MPa,CAST
Cr$_{0.5}$FeMn$_{0.625}$Ni$_{0.375}$,600.0,$^\circ$C,C,115.0,MPa,CAST
CoFeMo$_{0.8}$NiV,25.0,$^\circ$C,,,,CAST
Al$_{0.774}$FeMn$_{0.903}$Ni$_{0.484}$Ti$_{0.026}$,,,,,,ANNEAL
AlCo$_{0.442}$Cr$_{0.558}$Fe$_{0.186}$Ni$_{0.14}$,,,,,,
Co$_{0.5}$Fe$_{0.5}$Mo$_{0.1}$NiV$_{0.25}$,800.0,$^\circ$C,T,187.0,MPa,CAST
MoNbTaTi,400.0,$^\circ$C,C,685.0,MPa,ANNEAL
Al$_{0.5}$NbTa$_{0.5}$TiZr,25.0,$^\circ$C,C,1200.0,MPa,WROUGHT
CoCrNi,,,,,,
Al$_{0.9}$CoCrFeNi,,,,,,CAST
CoCrFeMnNi,25.0,$^\circ$C,T,1120.0,MPa,WROUGHT
Al$_{0.333}$Co$_{0.333}$Cu$_{0.333}$Fe$_{0.333}$Ni,25.0,$^\circ$C,C,268.0,MPa,CAST
MoNb$_{0.667}$Ti$_{0.667}$V$_{0.667}$Zr$_{0.667}$,25.0,$^\circ$C,C,1603.0,MPa,ANNEAL
AlC$_{0.3}$CoCrFeNi,25.0,$^\circ$C,C,867.0,MPa,CAST
Co$_{0.625}$Fe$_{0.625}$Mo$_{0.625}$NiV$_{0.625}$,25.0,$^\circ$C,,,,CAST
CoCrFeMnNiV$_{0.75}$,25.0,$^\circ$C,C,,,CAST
CoFeNi,25.0,$^\circ$C,T,,,WROUGHT
Al$_{0.108}$Co$_{0.514}$Cr$_{0.514}$Cu$_{0.108}$Fe$_{0.514}$Ni,25.0,$^\circ$C,T,719.0,MPa,WROUGHT
Al$_{0.333}$Nb$_{0.667}$Ta$_{0.533}$TiV$_{0.133}$Zr$_{0.667}$,1000.0,$^\circ$C,C,220.0,MPa,OTHER
MoNbSi$_{0.5}$TaW,400.0,$^\circ$C,,,,POWDER
HfMoNbTaTiZr,800.0,$^\circ$C,C,1007.0,MPa,CAST
AlCo$_{0.5}$Cr$_{0.5}$Fe$_{0.5}$Ni$_{0.5}$,25.0,$^\circ$C,,,,CAST
Hf$_{0.5}$Nb$_{0.667}$Ta$_{0.333}$TiZr$_{0.833}$,-268.8,$^\circ$C,C,2210.0,MPa,WROUGHT
CoCrFeMnNi,,,,,,
NbTaTiW,800.0,$^\circ$C,C,564.0,MPa,ANNEAL
CrFeNiTi$_{0.6}$,25.0,$^\circ$C,C,1923.15,MPa,CAST
HfNbTiVZr,25.0,$^\circ$C,C,1120.0,MPa,ANNEAL
HfMoNbTaTiWZr,1000.0,$^\circ$C,C,736.0,MPa,CAST
Al$_{0.774}$FeMn$_{0.903}$Ni$_{0.484}$Ti$_{0.097}$,,,,,,CAST
Al$_{0.5}$NbTa$_{0.5}$TiZr,25.0,$^\circ$C,C,2100.0,MPa,WROUGHT
CrTaTi$_{0.3}$VW,25.0,$^\circ$C,C,2050.0,MPa,POWDER
CoCrCuFeNi,25.0,$^\circ$C,C,300.0,MPa,CAST
Al$_{0.25}$MoNbTiV,25.0,$^\circ$C,C,1250.0,MPa,CAST
HfMo$_{0.75}$NbTaTiZr,25.0,$^\circ$C,C,1373.0,MPa,CAST
Al$_{0.5}$B$_{0.2}$CoCrCuFeNi,25.0,$^\circ$C,,,,CAST
Al$_{0.25}$Cr$_{0.5}$FeMn$_{0.625}$Ni$_{0.375}$,25.0,$^\circ$C,C,994.0,MPa,CAST
CoCrFeMnNiV$_{0.5}$,25.0,$^\circ$C,C,620.0,MPa,ANNEAL
CoCrCuFeNi,,,,,,CAST
NbTaTi,25.0,$^\circ$C,T,620.0,MPa,CAST
Al$_{0.774}$FeMn$_{0.903}$Ni$_{0.484}$,,,,,,CAST
CrNbTiVZr,800.0,$^\circ$C,C,615.0,MPa,OTHER
HfNbTaTiZr,700.0,$^\circ$C,,,,WROUGHT
Al$_{0.5}$CoCrCuFeNi,25.0,$^\circ$C,,,,CAST
Al$_{0.3}$CoCrFeNi,,,,,,
CrMo$_{0.5}$NbTa$_{0.5}$TiZr,1200.0,$^\circ$C,C,170.0,MPa,OTHER
AlCo$_{0.5}$Cr$_{0.5}$Cu$_{0.5}$Fe$_{0.5}$Ni$_{0.5}$,,,,,,CAST
MoTaTiV,25.0,$^\circ$C,C,1221.0,MPa,CAST
AlCo$_{0.326}$Cr$_{0.488}$Cu$_{0.116}$Fe$_{0.279}$Ni$_{0.116}$,,,,,,
CoCrFeMn$_{0.2}$NiPd,25.0,$^\circ$C,C,650.0,MPa,CAST
AgAlNbTiZn,,,,,,ANNEAL
HfNbSi$_{0.5}$TiVZr,25.0,$^\circ$C,C,1483.0,MPa,ANNEAL
AlCoCrCuFeNi,700.0,$^\circ$C,T,350.0,MPa,CAST
Mo$_{0.7}$NbTiVZr,25.0,$^\circ$C,C,1706.0,MPa,ANNEAL
Co$_{0.476}$Cr$_{0.476}$Fe$_{0.476}$Nb$_{0.095}$Ni,25.0,$^\circ$C,T,560.0,MPa,ANNEAL
CoCrFeMnNi,25.0,$^\circ$C,T,1269.23,MPa,WROUGHT
HfMoNbTiZr,25.0,$^\circ$C,C,1719.0,MPa,CAST
MoNbTaVW,1000.0,$^\circ$C,C,842.0,MPa,OTHER
CoCrFeGaNi,,,,,,CAST
CrMoTaTi,20.0,$^\circ$C,C,1795.0,MPa,ANNEAL
Al$_{0.364}$Cr$_{0.455}$Fe$_{0.455}$Ni,25.0,$^\circ$C,T,479.0,MPa,CAST
HfNbTaTiZr,25.0,$^\circ$C,T,1145.0,MPa,WROUGHT
Al$_{0.545}$Cr$_{0.545}$Fe$_{0.515}$NiTi$_{0.273}$,25.0,$^\circ$C,C,,,ANNEAL
AlCo$_{0.426}$Cr$_{0.383}$Cu$_{0.106}$Fe$_{0.106}$Ni$_{0.106}$,,,,,,
AlCo$_{0.238}$Cr$_{0.714}$Cu$_{0.119}$Fe$_{0.167}$Ni$_{0.143}$,,,,,,
CuMnNiSn$_{0.053}$,25.0,$^\circ$C,C,380.0,MPa,CAST
AlFeNiTiVZr,25.0,$^\circ$C,,,,CAST
CoCr$_{0.487}$Nb$_{0.231}$Ta$_{0.026}$Ti$_{0.821}$,25.0,$^\circ$C,,,,CAST
AlCoCrFeNi,25.0,$^\circ$C,C,,,POWDER
CoCuFeMnNiSn$_{0.08}$,25.0,$^\circ$C,T,,,CAST
HfNbTaTiZr,580.0,$^\circ$C,,,,WROUGHT
CoCr$_{0.667}$Fe$_{0.667}$NiTi$_{0.667}$,25.0,$^\circ$C,,,,ANNEAL
CrMoTaTi,,,,,,CAST
Al$_{0.56}$CoCrFeMnNi,25.0,$^\circ$C,T,526.0,MPa,CAST
AlCo$_{0.465}$Cr$_{0.488}$Fe$_{0.209}$Ni$_{0.163}$,,,,,,
CrCuFeMnNi,25.0,$^\circ$C,T,615.0,MPa,CAST
AlNbTiVZr$_{0.1}$,25.0,$^\circ$C,C,1290.0,MPa,ANNEAL
AlCoCrFe$_{0.6}$Mo$_{0.5}$Ni,25.0,$^\circ$C,,,,CAST
Al$_{0.242}$Co$_{0.515}$Cr$_{0.515}$Cu$_{0.242}$Fe$_{0.515}$Ni,,,,,,ANNEAL
CrTaTi$_{0.17}$VW,25.0,$^\circ$C,C,2034.0,MPa,POWDER
AlCoCrCuFeNi,25.0,$^\circ$C,C,1285.0,MPa,
CoCrFeMnMo$_{0.136}$Ni,25.0,$^\circ$C,C,560.0,MPa,CAST
CrCuFeMnNi,25.0,$^\circ$C,T,1030.0,MPa,WROUGHT
CoCuFeNiSn$_{0.2}$,25.0,$^\circ$C,T,,,CAST
CoCrFeMnNi,25.0,$^\circ$C,T,386.2,MPa,WROUGHT
AlCoCrFeNiTi,25.0,$^\circ$C,C,1448.0,MPa,CAST
Co$_{0.318}$Cr$_{0.227}$FeMo$_{0.091}$Ni$_{0.182}$,25.0,$^\circ$C,T,261.0,MPa,WROUGHT
HfNbTaTiZr,180.0,$^\circ$C,,,,WROUGHT
Al$_{0.3}$CoCrFeNi,25.0,$^\circ$C,T,143.0,MPa,WROUGHT
Hf$_{0.26}$NbTaTi$_{0.578}$Zr$_{0.416}$,200.0,$^\circ$C,C,650.0,MPa,CAST
HfNbTaTiZr,460.0,$^\circ$C,,,,WROUGHT
AlCu$_{0.2}$Li$_{0.5}$MgZn$_{0.5}$,25.0,$^\circ$C,,,,CAST
CrMo$_{0.5}$NbTa$_{0.5}$TiZr,23.0,$^\circ$C,C,1595.0,MPa,OTHER
Al$_{0.214}$Nb$_{0.714}$Ta$_{0.714}$TiZr$_{0.929}$,800.0,$^\circ$C,C,362.0,MPa,OTHER
CoCrFeNiTi$_{0.2}$,25.0,$^\circ$C,T,700.0,MPa,WROUGHT
CrMo$_{0.5}$NbTa$_{0.5}$TiZr,800.0,$^\circ$C,C,983.0,MPa,OTHER
CoMnNi,25.0,$^\circ$C,T,321.0,MPa,WROUGHT
AlCo$_{0.8}$Cr$_{0.8}$Fe$_{0.8}$Ni$_{0.8}$,25.0,$^\circ$C,,,,ANNEAL
Al$_{0.304}$CoCrFeNi,25.0,$^\circ$C,T,860.0,MPa,
HfNbTaTiZr,25.0,$^\circ$C,T,1438.0,MPa,OTHER
CoCrFeMnNiV$_{0.263}$,25.0,$^\circ$C,C,200.0,MPa,ANNEAL
Al$_{0.5}$CoFeNi,25.0,$^\circ$C,C,346.0,MPa,CAST
Co$_{0.2}$Cr$_{0.2}$FeMn$_{0.6}$,25.0,$^\circ$C,T,330.0,MPa,WROUGHT
AlCoCrCuFeNi,25.0,$^\circ$C,C,948.0,MPa,CAST
Al$_{0.5}$CoCrFeNiTi,25.0,$^\circ$C,C,,,CAST
CoCrFeMo$_{0.5}$Ni,25.0,$^\circ$C,,,,CAST
Al$_{0.25}$NbTaTiZr,1000.0,$^\circ$C,C,366.0,MPa,OTHER
AlCoCuFeNiTi,25.0,$^\circ$C,,,,CAST
Cr$_{0.5}$FeMn$_{0.625}$Ni$_{0.375}$,25.0,$^\circ$C,C,219.0,MPa,CAST
HfNbTaTiZr,,,,,,OTHER
CoCr$_{0.25}$Ni,25.0,$^\circ$C,T,330.0,MPa,WROUGHT
NbTiVZr,1000.0,$^\circ$C,C,58.0,MPa,OTHER
Al$_{0.465}$Co$_{0.465}$Cr$_{0.465}$Fe$_{0.465}$Ni,-192.0,$^\circ$C,T,700.0,MPa,
NbTaTiV,25.0,$^\circ$C,C,1373.0,MPa,POWDER
AlCoCrFeNi,25.0,$^\circ$C,C,1313.0,MPa,
HfMoNbTiZr,25.0,$^\circ$C,C,1719.0,MPa,CAST
Al$_{0.562}$Co$_{0.938}$Cr$_{0.312}$Fe$_{0.312}$Ni,25.0,$^\circ$C,C,1129.4,MPa,CAST
AlCo$_{0.5}$Cr$_{0.5}$Cu$_{0.5}$Fe$_{0.5}$Ni$_{0.5}$,1100.0,$^\circ$C,C,79.0,MPa,CAST
HfMo$_{0.5}$NbSi$_{0.5}$TiV$_{0.5}$,1200.0,$^\circ$C,C,188.0,MPa,CAST
Al$_{0.5}$CoCrCuFe,25.0,$^\circ$C,,,,
Al$_{0.278}$Co$_{0.556}$Cr$_{0.556}$Cu$_{0.556}$Fe$_{0.556}$Ni$_{0.556}$Ti,25.0,$^\circ$C,,,,CAST
AlCo$_{0.298}$Cr$_{0.404}$Cu$_{0.106}$Fe$_{0.213}$Ni$_{0.106}$,,,,,,
Al$_{0.333}$Nb$_{0.667}$Ta$_{0.533}$TiV$_{0.133}$Zr$_{0.667}$,25.0,$^\circ$C,C,2035.0,MPa,OTHER
HfNbTaZr,25.0,$^\circ$C,C,1950.0,MPa,ANNEAL
Al$_{0.5}$Cr$_{0.5}$Cu$_{0.5}$Fe$_{0.5}$Ni,25.0,$^\circ$C,,,,
Al$_{0.2}$CoCrFeMnNi,25.0,$^\circ$C,T,220.0,MPa,CAST
Al$_{0.3}$CoCrFeNi,430.0,$^\circ$C,C,,,CAST
Al$_{0.357}$Co$_{0.714}$Cr$_{0.714}$Cu$_{0.714}$Fe$_{0.714}$Ni$_{0.714}$V,25.0,$^\circ$C,,,,CAST
CoCrNi,24.0,$^\circ$C,T,400.0,MPa,ANNEAL
CrNb$_{0.333}$Ti$_{0.333}$Zr$_{0.333}$,1200.0,$^\circ$C,C,32.0,MPa,OTHER
Al$_{0.242}$Co$_{0.515}$Cr$_{0.515}$Cu$_{0.242}$Fe$_{0.515}$Ni,,,,,,ANNEAL
CoCrFeMnNi,25.0,$^\circ$C,T,1300.0,MPa,WROUGHT
HfNbTaTiZr,420.0,$^\circ$C,,,,WROUGHT
CoCrFeMo$_{0.208}$Ni,25.0,$^\circ$C,T,254.7,MPa,CAST
CrHfNbTiZr,25.0,$^\circ$C,C,1375.0,MPa,CAST
CoCuFeMnNi,100.0,$^\circ$C,,,,CAST
AlCrMoTi,1200.0,$^\circ$C,C,100.0,MPa,ANNEAL
CoCrFeMnNiTa$_{0.6}$,,,,,,
AlCrMoTi,800.0,$^\circ$C,C,875.0,MPa,ANNEAL
AlCo$_{0.769}$Cr$_{0.769}$Cu$_{0.769}$Fe$_{0.769}$,25.0,$^\circ$C,,,,
CrCuFeMnNi,,,,,,ANNEAL
Al$_{0.544}$C$_{0.001}$Co$_{0.69}$FeNi$_{0.69}$,25.0,$^\circ$C,C,1202.0,MPa,CAST
Co$_{0.043}$Nb$_{0.638}$NiTa$_{0.255}$Ti$_{0.191}$,25.0,$^\circ$C,,,,CAST
HfNbTaTiZr,240.0,$^\circ$C,,,,WROUGHT
CrTaVW,1200.0,$^\circ$C,C,979.0,MPa,POWDER
AlCoCrFeNi,25.0,$^\circ$C,C,1220.0,MPa,ANNEAL
AlCo$_{0.667}$Cr$_{0.667}$Fe$_{0.667}$Ni$_{0.667}$,25.0,$^\circ$C,,,,ANNEAL
HfMoTaTiZr,23.0,$^\circ$C,C,1600.0,MPa,CAST
NbTiVZr,25.0,$^\circ$C,C,1105.0,MPa,
AlFeNiTi,25.0,$^\circ$C,C,,,POWDER
AlCrFeMo$_{0.5}$NiTi$_{0.75}$,25.0,$^\circ$C,C,618.8,MPa,CAST
CoCrNi,25.0,$^\circ$C,T,1100.0,MPa,WROUGHT
AlC$_{0.4}$CoCrFeNi,25.0,$^\circ$C,C,1056.0,MPa,CAST
AlCo$_{0.5}$Cr$_{0.5}$Cu$_{0.5}$Fe$_{0.5}$Ni$_{0.5}$,1000.0,$^\circ$C,C,116.0,MPa,CAST
Al$_{0.278}$Co$_{0.694}$Cr$_{0.222}$Fe$_{0.417}$NiTi$_{0.167}$,900.0,$^\circ$C,T,219.0,MPa,ANNEAL
HfMoNbTaTiZr,23.0,$^\circ$C,C,1512.0,MPa,CAST
AlCrFeMo$_{0.5}$NiTi$_{0.5}$,25.0,$^\circ$C,C,2228.7,MPa,CAST
MoNbTaTiW,1200.0,$^\circ$C,C,586.0,MPa,CAST
Co$_{0.25}$CrNi,25.0,$^\circ$C,T,462.0,MPa,WROUGHT
HfNbSi$_{0.5}$TiVZr,25.0,$^\circ$C,C,1540.0,MPa,CAST
C$_{0.1}$CoCrFeMnNiTi$_{0.1}$,25.0,$^\circ$C,C,1490.0,MPa,POWDER
CrTaTi$_{0.3}$VW,1200.0,$^\circ$C,C,586.0,MPa,POWDER
HfNbTaTiWZr,1000.0,$^\circ$C,C,409.0,MPa,CAST
Al$_{0.7}$CoCrFeMnNi,25.0,$^\circ$C,C,2230.0,MPa,CAST
Al$_{0.15}$Cr$_{0.5}$Cu$_{0.25}$Fe$_{0.5}$Ni,25.0,$^\circ$C,T,62.0,MPa,WROUGHT
HfScTiYZr,25.0,$^\circ$C,C,793.0,MPa,CAST
Al$_{0.15}$Cr$_{0.5}$FeMn$_{0.625}$Ni$_{0.375}$,600.0,$^\circ$C,C,272.0,MPa,CAST
CrCuFeMoNi,25.0,$^\circ$C,,,,CAST
CoCr$_{0.429}$Fe$_{0.571}$Mo$_{0.286}$Ni$_{0.571}$,25.0,$^\circ$C,T,1311.0,MPa,WROUGHT
CoCrFeMnNi,25.0,$^\circ$C,T,210.0,MPa,CAST
HfMo$_{0.5}$NbTiV$_{0.5}$,1200.0,$^\circ$C,C,60.0,MPa,CAST
HfMoNbTaTiZr,1200.0,$^\circ$C,C,556.0,MPa,CAST
CoCrCuNiZn,25.0,$^\circ$C,C,,,POWDER
Al$_{0.3}$CoCrFeNi,25.0,$^\circ$C,T,840.0,MPa,WROUGHT
CoCrFeMnNi,25.0,$^\circ$C,T,300.0,MPa,WROUGHT
Al$_{0.451}$Co$_{0.451}$Cr$_{0.451}$Fe$_{0.451}$Ni,-192.0,$^\circ$C,T,700.0,MPa,
Hf$_{0.5}$Mo$_{0.5}$NbSi$_{0.7}$TiZr,25.0,$^\circ$C,C,1550.0,MPa,CAST
Al$_{0.95}$CoCrFeMnNi,25.0,$^\circ$C,,,,CAST
MoNbSi$_{0.75}$TaW,600.0,$^\circ$C,,,,POWDER
Al$_{0.375}$CoCrFeNi,25.0,$^\circ$C,,,,ANNEAL
AlC$_{0.5}$CoCrFeNi,25.0,$^\circ$C,C,1060.0,MPa,CAST
AlCu$_{0.077}$Mg$_{0.077}$Si$_{0.231}$Zn$_{0.077}$Zr$_{0.077}$,25.0,$^\circ$C,C,565.0,MPa,CAST
MoNbTaW,200.0,$^\circ$C,,,,POWDER
AlCoCrFeMo$_{0.3}$Ni,25.0,$^\circ$C,C,2649.0,MPa,CAST
AlCoCrNi,25.0,$^\circ$C,C,1750.0,MPa,CAST
NbTaVW,25.0,$^\circ$C,C,1530.0,MPa,CAST
HfNbTaTiZr,25.0,$^\circ$C,T,1094.0,MPa,OTHER
Al$_{0.278}$Co$_{0.694}$Cr$_{0.222}$Fe$_{0.417}$NiTi$_{0.167}$,25.0,$^\circ$C,T,596.0,MPa,ANNEAL
CrMoNbTiW,25.0,$^\circ$C,C,2500.0,MPa,POWDER
MoNbTaTi,,,,,,CAST
HfMoNbTiZr,1000.0,$^\circ$C,C,721.0,MPa,CAST
MoNbSi$_{0.25}$TaW,400.0,$^\circ$C,,,,POWDER
Al$_{0.304}$CoCrFeNi,25.0,$^\circ$C,T,175.0,MPa,CAST
Hf$_{0.5}$Nb$_{0.667}$Ta$_{0.333}$TiZr$_{0.833}$,-268.8,$^\circ$C,C,2390.0,MPa,WROUGHT
MoNbTiV,25.0,$^\circ$C,C,1200.0,MPa,CAST
HfMoNbTaTi,1400.0,$^\circ$C,C,367.0,MPa,CAST
Al$_{0.242}$Co$_{0.515}$Cr$_{0.515}$Cu$_{0.242}$Fe$_{0.515}$Ni,25.0,$^\circ$C,T,357.0,MPa,CAST
AlCCoCrFeNi,,,,,,POWDER
Hf$_{0.25}$Nb$_{0.25}$TiV$_{0.5}$Zr$_{0.5}$,25.0,$^\circ$C,C,1065.0,MPa,CAST
AlCo$_{0.5}$CrFeNi,25.0,$^\circ$C,C,1349.0,MPa,
Al$_{0.38}$CoCrFeMnNi,25.0,$^\circ$C,T,244.0,MPa,CAST
Mo$_{0.667}$Nb$_{0.667}$Ti$_{0.667}$VZr$_{0.667}$,25.0,$^\circ$C,C,1735.0,MPa,CAST
CoCrFeMnNi,25.0,$^\circ$C,C,230.0,MPa,ANNEAL
CoCuFeMnNi,25.0,$^\circ$C,T,,,CAST
CoCrFeMo$_{0.083}$Ni,25.0,$^\circ$C,T,198.8,MPa,CAST
NbTiZr,25.0,$^\circ$C,C,1223.0,MPa,CAST
Mo$_{0.5}$Nb$_{0.5}$Ti$_{0.5}$VZr$_{0.5}$,25.0,$^\circ$C,C,1538.0,MPa,CAST
AlMo$_{0.5}$NbTa$_{0.5}$TiZr,25.0,$^\circ$C,C,2000.0,MPa,OTHER
CoCrFeMnNiV$_{0.25}$,25.0,$^\circ$C,C,200.0,MPa,ANNEAL
AlCoCrCuFeMnNi,25.0,$^\circ$C,C,1005.0,MPa,CAST
CoCrFeMnNi,25.0,$^\circ$C,T,243.0,MPa,WROUGHT
Nb$_{0.5}$Ti$_{0.5}$VZr$_{0.5}$,800.0,$^\circ$C,C,240.0,MPa,OTHER
CoCrFeMo$_{0.304}$Ni,25.0,$^\circ$C,T,683.7,MPa,WROUGHT
NbTa$_{0.667}$Ti$_{0.667}$Zr$_{0.333}$,25.0,$^\circ$C,T,822.0,MPa,CAST
HfMoTaTiZr,1200.0,$^\circ$C,C,404.0,MPa,CAST
CrHfNbTiZr,25.0,$^\circ$C,C,1328.0,MPa,ANNEAL
CoFeMo$_{0.4}$NiV,25.0,$^\circ$C,,,,CAST
CoCrFeMn$_{0.8}$NiPd,25.0,$^\circ$C,C,650.0,MPa,CAST
Hf$_{0.5}$Nb$_{0.667}$Ta$_{0.333}$TiZr$_{0.833}$,72.0,$^\circ$C,C,640.0,MPa,WROUGHT
CoCrMoNb,25.0,$^\circ$C,C,,,CAST
CoCrFeMo$_{0.2}$Ni,25.0,$^\circ$C,T,,,ANNEAL
CoCrFeNi,25.0,$^\circ$C,T,148.0,MPa,CAST
Co$_{0.986}$Cr$_{0.952}$Fe$_{0.933}$Mn$_{0.914}$Ni,25.0,$^\circ$C,T,585.0,MPa,WROUGHT
AlCrMoNbTi,1200.0,$^\circ$C,C,105.0,MPa,ANNEAL
AlCrFeMo$_{0.8}$Ni,25.0,$^\circ$C,C,1513.0,MPa,CAST
CoCr$_{0.429}$Fe$_{0.571}$Mo$_{0.286}$Ni$_{0.571}$,25.0,$^\circ$C,T,879.0,MPa,WROUGHT
HfMoNbTiZr,800.0,$^\circ$C,C,825.0,MPa,ANNEAL
CoCrFeNi,25.0,$^\circ$C,,,,ANNEAL
CoCrFeMnNi,,,,,,
Al$_{0.5}$CoCrCuFeNiTi,25.0,$^\circ$C,,,,CAST
Hf$_{0.5}$Nb$_{0.667}$Ta$_{0.333}$TiZr$_{0.833}$,-196.0,$^\circ$C,C,1880.0,MPa,WROUGHT
AlCo$_{0.512}$Cr$_{0.581}$Fe$_{0.116}$Ni$_{0.116}$,,,,,,
CrCuFeNiTi,,,,,,WROUGHT
HfMo$_{0.5}$NbSi$_{0.5}$TiV$_{0.5}$,1200.0,$^\circ$C,C,188.0,MPa,CAST
NbTiVZr,25.0,$^\circ$C,C,1105.0,MPa,OTHER
CrNbTiW,,,,,,CAST
MoNbTaTiW,,,,,,CAST
Al$_{0.4}$Hf$_{0.6}$NbTaTiZr,23.0,$^\circ$C,C,1841.0,MPa,OTHER
Al$_{0.5}$CoCrCuFeNiV$_{0.8}$,25.0,$^\circ$C,,,,CAST
NbTa$_{0.3}$TiZr,23.0,$^\circ$C,C,882.0,MPa,OTHER
Al$_{0.511}$Co$_{0.511}$Cr$_{0.511}$Fe$_{0.511}$Ni,25.0,$^\circ$C,T,545.0,MPa,CAST
Cr$_{0.5}$Fe$_{0.5}$NiTi$_{0.15}$,25.0,$^\circ$C,T,672.0,MPa,WROUGHT
CoCr$_{0.455}$Fe$_{0.364}$Ni$_{0.364}$,25.0,$^\circ$C,T,392.0,MPa,WROUGHT
AlCo$_{0.556}$Cr$_{0.556}$Fe$_{0.556}$Ni$_{0.556}$Ti$_{0.111}$,25.0,$^\circ$C,C,1324.0,MPa,CAST
CoCrFeMnNiTa$_{0.2}$,,,,,,
AgAlNbTiZn,,,,,,ANNEAL
AlCoCrFeNi,25.0,$^\circ$C,,,,ANNEAL
AlCo$_{0.558}$Cr$_{0.512}$Fe$_{0.116}$Ni$_{0.14}$,,,,,,
CoCuFeNiTiVZr,25.0,$^\circ$C,,,,CAST
AlMoNbTiV,25.0,$^\circ$C,C,1375.0,MPa,CAST
CrNbTiW,,,,,,ANNEAL
Al$_{0.304}$CoCrFeNi,25.0,$^\circ$C,T,263.0,MPa,WROUGHT
AgAlNbTiZn,,,,,,ANNEAL
AlCoCrFeNi,25.0,$^\circ$C,C,520.0,MPa,POWDER
CoFeNi,25.0,$^\circ$C,T,217.0,MPa,WROUGHT
HfNbTiZr,,,,,,ANNEAL
HfMoNbTaTi,800.0,$^\circ$C,C,822.0,MPa,CAST
Al$_{0.25}$CoCrCu$_{0.5}$FeNiTi$_{0.5}$,25.0,$^\circ$C,,,,CAST
AlCoCrFeMo$_{0.5}$Ni,25.0,$^\circ$C,C,2757.0,MPa,CAST
Co$_{0.25}$Cr$_{0.25}$FeMn,25.0,$^\circ$C,T,792.0,MPa,WROUGHT
C$_{0.1}$CoCrFeMnNiTi$_{0.1}$,25.0,$^\circ$C,C,1194.0,MPa,POWDER
HfNbTaTiZr,25.0,$^\circ$C,T,1303.0,MPa,WROUGHT
Co$_{0.476}$Cr$_{0.476}$Fe$_{0.476}$Nb$_{0.095}$Ni,25.0,$^\circ$C,T,170.0,MPa,CAST
HfNbTaTiZr,25.0,$^\circ$C,C,1015.0,MPa,CAST
Al$_{0.5}$CoCrFeNiTi$_{0.5}$,,,,,,
Al$_{0.25}$CoCrCuFeMnNiTiV,25.0,$^\circ$C,C,1465.0,MPa,CAST
CoCrNi,-196.0,$^\circ$C,T,600.0,MPa,ANNEAL
CrCuFeMnNi,25.0,$^\circ$C,T,517.0,MPa,ANNEAL
CoFeNi,25.0,$^\circ$C,T,276.0,MPa,WROUGHT
CoCrFeNiTi$_{0.2}$,-196.0,$^\circ$C,T,860.0,MPa,WROUGHT
CoCrFeMnNi,25.0,$^\circ$C,C,216.0,MPa,CAST
CoCrFeNi,25.0,$^\circ$C,C,163.0,MPa,CAST
Al$_{0.304}$CoCrFeNi,25.0,$^\circ$C,T,305.0,MPa,ANNEAL
AlCo$_{0.5}$Cr$_{0.5}$Fe$_{0.5}$Ni$_{0.5}$,25.0,$^\circ$C,C,1241.0,MPa,CAST
Al$_{0.242}$Co$_{0.515}$Cr$_{0.515}$Cu$_{0.242}$Fe$_{0.515}$Ni,25.0,$^\circ$C,T,365.0,MPa,ANNEAL
Co$_{0.318}$Cr$_{0.227}$FeMo$_{0.091}$Ni$_{0.182}$,25.0,$^\circ$C,T,301.0,MPa,WROUGHT
AlCo$_{0.333}$Cr$_{0.333}$Cu$_{0.333}$Fe$_{0.333}$,25.0,$^\circ$C,,,,
CoCrNi,-196.0,$^\circ$C,T,1215.0,MPa,ANNEAL
Co$_{0.476}$Cr$_{0.476}$Fe$_{0.476}$Nb$_{0.19}$Ni,25.0,$^\circ$C,T,,,ANNEAL
CoCrFeMnNi,25.0,$^\circ$C,C,,,CAST
CoCrFeMnNi,25.0,$^\circ$C,C,1150.0,MPa,WROUGHT
Al$_{0.667}$Nb$_{0.667}$Ti$_{0.667}$V$_{0.667}$Zr,800.0,$^\circ$C,C,180.0,MPa,ANNEAL
MoNbTiVZr,23.0,$^\circ$C,C,1706.0,MPa,OTHER
Co$_{0.833}$Fe$_{0.833}$Mo$_{0.833}$NiV$_{0.833}$,25.0,$^\circ$C,,,,CAST
CoCr$_{0.429}$Fe$_{0.571}$Mo$_{0.286}$Ni$_{0.571}$,25.0,$^\circ$C,T,799.0,MPa,WROUGHT
MoNbTaTi,300.0,$^\circ$C,C,732.0,MPa,ANNEAL
Al$_{0.214}$Nb$_{0.714}$Ta$_{0.571}$TiV$_{0.143}$Zr$_{0.929}$,1000.0,$^\circ$C,C,166.0,MPa,OTHER
CrMoNbTaVW,25.0,$^\circ$C,C,,,POWDER
Al$_{0.75}$CoCrFeNi,25.0,$^\circ$C,,,,ANNEAL
Al$_{0.2}$Cr$_{0.5}$Cu$_{0.5}$Fe$_{0.5}$Ni,25.0,$^\circ$C,,,,
Al$_{0.5}$BCoCrCuFeNi,25.0,$^\circ$C,,,,CAST
FeMnNi,25.0,$^\circ$C,T,522.0,MPa,WROUGHT
AlNbTiVZr$_{0.5}$,25.0,$^\circ$C,C,1485.0,MPa,ANNEAL
AlCoCrFeMo$_{0.4}$Ni,25.0,$^\circ$C,C,2670.0,MPa,CAST
MoNbSi$_{0.5}$TaW,800.0,$^\circ$C,,,,POWDER
Co$_{0.327}$Cr$_{0.227}$FeMo$_{0.136}$Ni$_{0.127}$,25.0,$^\circ$C,T,506.0,MPa,WROUGHT
AlCoCrFeNi,700.0,$^\circ$C,T,295.0,MPa,OTHER
Al$_{0.465}$Co$_{0.465}$Cr$_{0.465}$Fe$_{0.465}$Ni,25.0,$^\circ$C,T,545.0,MPa,CAST
AlNbTa$_{0.5}$TiZr$_{0.5}$,1000.0,$^\circ$C,C,535.0,MPa,OTHER
HfNbTaTiZr,25.0,$^\circ$C,T,803.0,MPa,CAST
Al$_{0.5}$CoCrCuFeNiV$_{0.6}$,25.0,$^\circ$C,,,,CAST
CoMnNi,25.0,$^\circ$C,T,333.0,MPa,WROUGHT
AlNbTiV,800.0,$^\circ$C,C,685.0,MPa,ANNEAL
CrCuFeMnNi,25.0,$^\circ$C,T,850.0,MPa,WROUGHT
Al$_{0.278}$Co$_{0.694}$Cr$_{0.222}$Fe$_{0.417}$NiTi$_{0.167}$,700.0,$^\circ$C,T,547.0,MPa,ANNEAL
MoNbTaW,25.0,$^\circ$C,C,996.0,MPa,CAST
MoNbTaTi$_{0.25}$W,25.0,$^\circ$C,C,1109.0,MPa,CAST
AlCr$_{0.767}$Fe$_{0.767}$Ni$_{0.767}$,25.0,$^\circ$C,C,1122.8,MPa,CAST
AlCu$_{0.889}$Fe$_{0.667}$Ni$_{0.889}$Ti,25.0,$^\circ$C,C,980.0,MPa,CAST
Al$_{0.35}$Cr$_{0.5}$FeMn$_{0.625}$Ni$_{0.375}$,600.0,$^\circ$C,C,326.0,MPa,CAST
AlCoCrCuFeNi,900.0,$^\circ$C,C,98.0,MPa,CAST
AlCrMoNbTi,23.0,$^\circ$C,C,1010.0,MPa,ANNEAL
Co$_{0.2}$Cr$_{0.2}$FeMn$_{0.6}$,25.0,$^\circ$C,T,280.0,MPa,WROUGHT
HfNbTaTiZr,500.0,$^\circ$C,,,,WROUGHT
MoNbTaTiZr,25.0,$^\circ$C,C,1100.0,MPa,ANNEAL
AlCo$_{0.383}$Cr$_{0.319}$Cu$_{0.106}$Fe$_{0.213}$Ni$_{0.106}$,,,,,,
Al$_{0.3}$CoCrFeNi,25.0,$^\circ$C,T,841.0,MPa,WROUGHT
AlNbTiVZr,800.0,$^\circ$C,C,550.0,MPa,ANNEAL
AlCrCuFeMnW$_{0.1}$,25.0,$^\circ$C,C,1250.0,MPa,POWDER
HfMo$_{0.5}$NbSi$_{0.7}$TiV$_{0.5}$,1000.0,$^\circ$C,C,673.0,MPa,CAST
Al$_{0.278}$Co$_{0.694}$Cr$_{0.222}$Fe$_{0.417}$NiTi$_{0.167}$,800.0,$^\circ$C,T,399.0,MPa,ANNEAL
AlCrMoNbTi,1200.0,$^\circ$C,C,105.0,MPa,CAST
Co$_{0.25}$Cr$_{0.25}$FeMn,25.0,$^\circ$C,T,476.0,MPa,WROUGHT
Al$_{0.511}$Co$_{0.511}$Cr$_{0.511}$Fe$_{0.511}$Ni,25.0,$^\circ$C,T,545.0,MPa,
AlCo$_{0.667}$Cr$_{0.667}$Fe$_{0.667}$Ni$_{0.667}$Ti$_{0.667}$,25.0,$^\circ$C,C,,,CAST
AlNbTiV,1000.0,$^\circ$C,C,158.0,MPa,ANNEAL
CoCrFeMo$_{0.2}$Ni,25.0,$^\circ$C,T,400.0,MPa,CAST
AlC$_{0.1}$CoCrFeNi,25.0,$^\circ$C,C,957.0,MPa,CAST
CoCrFeMnNiV,25.0,$^\circ$C,C,1660.0,MPa,ANNEAL
HfNbTaTiWZr,800.0,$^\circ$C,C,577.0,MPa,CAST
CoCr$_{0.917}$NiTa$_{0.5}$Ti$_{0.75}$,25.0,$^\circ$C,,,,CAST
AlNbTiV,25.0,$^\circ$C,C,1000.0,MPa,ANNEAL
CoCrFeNb$_{0.309}$Ni,25.0,$^\circ$C,T,479.0,MPa,CAST
Co$_{0.286}$Cr$_{0.429}$FeMn$_{0.143}$Ni$_{0.714}$V$_{0.286}$,25.0,$^\circ$C,T,240.0,MPa,WROUGHT
Cr$_{0.5}$FeMn$_{0.625}$Ni$_{0.375}$,400.0,$^\circ$C,C,132.0,MPa,CAST
Al$_{0.5}$NbTa$_{0.5}$TiZr,25.0,$^\circ$C,C,1630.0,MPa,WROUGHT
AlCoCrCuFeNiV,25.0,$^\circ$C,C,1469.0,MPa,CAST
Al$_{0.545}$Cr$_{0.545}$Fe$_{0.515}$NiTi$_{0.273}$,25.0,$^\circ$C,C,,,CAST
HfNbTaTiZr,620.0,$^\circ$C,,,,WROUGHT
CrCuFeMnNi,25.0,$^\circ$C,T,545.0,MPa,ANNEAL
Hf$_{0.5}$Nb$_{0.667}$Ta$_{0.333}$TiZr$_{0.833}$,-43.0,$^\circ$C,C,1180.0,MPa,WROUGHT
Al$_{0.133}$CoCr$_{0.667}$Fe$_{0.667}$NiTi$_{0.667}$,25.0,$^\circ$C,,,,ANNEAL
CrNbTaTi,,,,,,CAST
HfMoTaTiZr,1000.0,$^\circ$C,C,855.0,MPa,CAST
Al$_{0.5}$Cr$_{0.5}$Fe$_{0.5}$Ni,25.0,$^\circ$C,T,774.0,MPa,CAST
CoCrFeMo$_{0.15}$Ni,25.0,$^\circ$C,T,489.0,MPa,CAST
Hf$_{0.5}$Mo$_{0.5}$NbSi$_{0.5}$TiZr,25.0,$^\circ$C,C,1600.0,MPa,CAST
AlCrCuFeNi,20.0,$^\circ$C,C,1511.0,MPa,POWDER
HfNbTaTiZr,25.0,$^\circ$C,C,890.0,MPa,CAST
MoNbTaTiVW,23.0,$^\circ$C,C,1515.0,MPa,CAST
HfNbTaTiZr,440.0,$^\circ$C,,,,WROUGHT
Al$_{0.5}$CrFeMnNi,25.0,$^\circ$C,C,1091.0,MPa,CAST
CoCrFeMo$_{0.304}$Ni,25.0,$^\circ$C,T,646.7,MPa,WROUGHT
AlCrFeMo$_{0.5}$NiTi$_{0.4}$,25.0,$^\circ$C,C,2185.1,MPa,CAST
Al$_{0.312}$Ca$_{0.021}$Li$_{0.792}$MgSi$_{0.021}$,25.0,$^\circ$C,C,360.0,MPa,CAST
Al$_{0.667}$CrNb$_{0.667}$Ti$_{0.667}$V$_{0.667}$,25.0,$^\circ$C,C,1700.0,MPa,ANNEAL
AlCo$_{0.8}$Cr$_{0.8}$Fe$_{0.8}$Mn$_{0.8}$Ni$_{0.8}$,25.0,$^\circ$C,,,,CAST
CoCr$_{0.588}$Fe$_{0.176}$Mo$_{0.176}$Ni,25.0,$^\circ$C,T,,,WROUGHT
Al$_{0.5}$CoCrFeNi,,,,,,
HfMo$_{0.5}$NbSi$_{0.5}$TiV$_{0.5}$,1000.0,$^\circ$C,C,614.0,MPa,CAST
Nb$_{0.5}$Ti$_{0.5}$VZr$_{0.5}$,600.0,$^\circ$C,C,571.0,MPa,OTHER
Al$_{0.7}$CrFeMnNi,25.0,$^\circ$C,C,1170.0,MPa,CAST
AlCoCrFeMo$_{0.5}$,25.0,$^\circ$C,,,,CAST
Hf$_{0.26}$NbTaTi$_{0.578}$Zr$_{0.416}$,300.0,$^\circ$C,C,590.0,MPa,CAST
NbRe$_{0.3}$TiZr,1200.0,$^\circ$C,C,89.0,MPa,OTHER
Al$_{0.375}$CoCrFeNi,25.0,$^\circ$C,,,,ANNEAL
Al$_{0.125}$CoCrCuFeMnNiTiV,25.0,$^\circ$C,C,1862.0,MPa,CAST
AgAlNbTiZn,,,,,,ANNEAL
MoNbSi$_{0.75}$TaW,200.0,$^\circ$C,,,,POWDER
MoNbTaTiVW,1000.0,$^\circ$C,C,752.8,MPa,CAST
AlMoNbTi,,,,,,ANNEAL
AlCoCuFeNi,25.0,$^\circ$C,C,994.0,MPa,CAST
Al$_{0.186}$Cr$_{0.149}$FeMn$_{0.861}$Ni$_{0.28}$,25.0,$^\circ$C,T,355.0,MPa,CAST
Mo$_{0.5}$NbTiV$_{0.3}$Zr,25.0,$^\circ$C,C,1301.0,MPa,ANNEAL
MoNbTaTi,100.0,$^\circ$C,C,1029.0,MPa,ANNEAL
CoCr$_{0.588}$Fe$_{0.176}$Mo$_{0.176}$Ni,25.0,$^\circ$C,T,649.0,MPa,WROUGHT
HfNbTaTiZr,60.0,$^\circ$C,,,,WROUGHT
C$_{0.02}$CoCrFeMnNi,25.0,$^\circ$C,T,581.0,MPa,WROUGHT
CrFeNiTi$_{0.2}$,25.0,$^\circ$C,C,2297.94,MPa,CAST
MoNbSi$_{0.25}$TaW,25.0,$^\circ$C,C,1826.0,MPa,POWDER
Al$_{0.278}$Co$_{0.694}$Cr$_{0.222}$Fe$_{0.417}$NiTi$_{0.167}$,700.0,$^\circ$C,T,461.0,MPa,ANNEAL
CoCuFeNiSn$_{0.1}$,25.0,$^\circ$C,T,,,CAST
AlMo$_{0.5}$NbTa$_{0.5}$TiZr,1000.0,$^\circ$C,C,745.0,MPa,OTHER
Al$_{0.4}$Hf$_{0.6}$NbTaTiZr,1000.0,$^\circ$C,C,298.0,MPa,OTHER
AlCrMoNbTi,800.0,$^\circ$C,C,875.0,MPa,ANNEAL
Al$_{0.476}$Co$_{0.476}$Cr$_{0.476}$Fe$_{0.476}$Ni,25.0,$^\circ$C,T,1490.0,MPa,WROUGHT
AlCoCr$_{0.091}$Nb$_{0.727}$W$_{0.212}$,25.0,$^\circ$C,,,,CAST
Hf$_{0.5}$Nb$_{0.667}$Ta$_{0.333}$TiZr$_{0.833}$,25.0,$^\circ$C,C,1150.0,MPa,WROUGHT
MoNbTiV$_{0.75}$Zr,25.0,$^\circ$C,C,1708.0,MPa,CAST
AlNbTiVZr$_{0.25}$,800.0,$^\circ$C,C,855.0,MPa,ANNEAL
C$_{0.3}$Hf$_{0.5}$Mo$_{0.5}$NbTiZr,25.0,$^\circ$C,C,1201.0,MPa,CAST
NbTaTiVZr,23.0,$^\circ$C,C,1395.0,MPa,OTHER
CoCrFeMo$_{0.304}$Ni,25.0,$^\circ$C,T,305.3,MPa,CAST
AlMo$_{0.5}$NbTa$_{0.5}$TiZr,1000.0,$^\circ$C,C,745.0,MPa,OTHER
CoCrFeNb$_{0.412}$Ni,25.0,$^\circ$C,T,638.0,MPa,CAST
CoCrFeMnNiV$_{0.25}$,25.0,$^\circ$C,C,,,CAST
Al$_{0.5}$CoCrCuFeNiV$_{0.2}$,25.0,$^\circ$C,,,,CAST
Al$_{0.278}$Co$_{0.694}$Cr$_{0.222}$Fe$_{0.417}$NiTi$_{0.167}$,700.0,$^\circ$C,T,486.0,MPa,ANNEAL
AlCr$_{0.5}$NbTiV,600.0,$^\circ$C,C,1005.0,MPa,ANNEAL
AlCo$_{0.8}$Cr$_{0.8}$Fe$_{0.8}$Ni$_{0.8}$,25.0,$^\circ$C,,,,ANNEAL
AlCo$_{0.667}$Cr$_{0.667}$Fe$_{0.667}$Mo$_{0.333}$Ni$_{0.667}$,25.0,$^\circ$C,,,,CAST
NbTiVZr,600.0,$^\circ$C,C,834.0,MPa,OTHER
AlNbTaTi,200.0,$^\circ$C,C,740.0,MPa,CAST
CoCrNi,25.0,$^\circ$C,T,300.0,MPa,WROUGHT
AlHfTaTi,,,,,,CAST
AlCoCrFeNi,25.0,$^\circ$C,C,1186.7,MPa,POWDER
C$_{0.1}$CoCrFeMnNiTi$_{0.1}$,25.0,$^\circ$C,C,1652.0,MPa,POWDER
Al$_{0.3}$CoCrFeNi,25.0,$^\circ$C,T,159.0,MPa,WROUGHT
Co$_{0.333}$Cr$_{0.667}$Fe$_{0.667}$NiTi$_{0.2}$,25.0,$^\circ$C,T,586.0,MPa,WROUGHT
Al$_{0.343}$Co$_{0.514}$Cr$_{0.514}$FeNi$_{0.514}$,650.0,$^\circ$C,T,400.0,MPa,CAST
MoNbTaTiW,800.0,$^\circ$C,C,674.0,MPa,CAST
HfTa$_{0.4}$TiZr,25.0,$^\circ$C,T,400.0,MPa,CAST
AlCrCuFeMnW$_{0.5}$,25.0,$^\circ$C,C,1510.0,MPa,POWDER
HfMoTaTiZr,25.0,$^\circ$C,C,1600.0,MPa,CAST
C$_{0.2}$MoNbRe$_{0.5}$Ta$_{0.2}$W,25.0,$^\circ$C,C,1074.0,MPa,CAST
NbTaTiW,300.0,$^\circ$C,C,754.0,MPa,ANNEAL
CoNiV,25.0,$^\circ$C,T,991.0,MPa,WROUGHT
NbTaTiV,25.0,$^\circ$C,C,1308.0,MPa,POWDER
Al$_{0.667}$Co$_{0.667}$Cu$_{0.667}$Fe$_{0.667}$Ni,25.0,$^\circ$C,C,680.0,MPa,CAST
CrCuFeMnNi,25.0,$^\circ$C,T,525.0,MPa,ANNEAL
AlCoCrFeNi,25.0,$^\circ$C,C,1287.0,MPa,POWDER
CoCr$_{0.588}$Fe$_{0.176}$Mo$_{0.176}$Ni,25.0,$^\circ$C,T,439.0,MPa,WROUGHT
HfMoNbTiZr,1200.0,$^\circ$C,C,301.0,MPa,CAST
AlNbTaTi,,,,,,CAST
HfNbTaTiZr,25.0,$^\circ$C,T,967.0,MPa,WROUGHT
Hf$_{0.5}$Nb$_{0.667}$Ta$_{0.333}$TiZr$_{0.833}$,72.0,$^\circ$C,C,1020.0,MPa,WROUGHT
CoCrFeMo$_{0.2}$Ni,25.0,$^\circ$C,T,,,ANNEAL
HfMoTaTiZr,800.0,$^\circ$C,C,1045.0,MPa,CAST
MoNbTiVZr,25.0,$^\circ$C,C,1779.0,MPa,ANNEAL
AlMoNbTi,800.0,$^\circ$C,C,500.0,MPa,ANNEAL
CoCrFeMnNi,25.0,$^\circ$C,T,1371.21,MPa,WROUGHT
HfMo$_{0.5}$NbSi$_{0.3}$TiV$_{0.5}$,25.0,$^\circ$C,C,1617.0,MPa,CAST
HfTaTiZr,25.0,$^\circ$C,T,1500.0,MPa,CAST
Al$_{0.333}$Ca$_{0.011}$Li$_{0.844}$MgSi$_{0.033}$,25.0,$^\circ$C,C,342.0,MPa,CAST
AlCoCrFeNiSi$_{0.4}$,25.0,$^\circ$C,C,1481.0,MPa,CAST
HfNbTaTiZr,25.0,$^\circ$C,T,820.0,MPa,CAST
HfMo$_{0.5}$NbTiV$_{0.5}$,1200.0,$^\circ$C,C,60.0,MPa,CAST
AlCoCuFeNi,25.0,$^\circ$C,,,,CAST
Al$_{0.5}$CoCrFeNi,25.0,$^\circ$C,,,,ANNEAL
AlCoCrFeNi,25.0,$^\circ$C,C,1112.9,MPa,POWDER
Co$_{0.139}$Cr$_{0.446}$Cu$_{0.99}$NiSi$_{0.277}$,,,,,,WROUGHT
MoNbTaTi$_{0.5}$W,25.0,$^\circ$C,C,1211.0,MPa,CAST
CoCrCuNiZn,25.0,$^\circ$C,C,,,POWDER
AlCrMoNbTi,400.0,$^\circ$C,C,1080.0,MPa,CAST
MoNbTaW,600.0,$^\circ$C,C,561.0,MPa,CAST
Al$_{0.5}$CoCrCuFeNi,700.0,$^\circ$C,T,180.0,MPa,WROUGHT
CoCrFeMnNi,,,,,,
AlCrMoNbTi,25.0,$^\circ$C,C,,,CAST
HfNbTaTiZr,25.0,$^\circ$C,T,940.0,MPa,WROUGHT
AlCo$_{0.833}$Cr$_{0.833}$Fe$_{0.833}$Ni$_{0.833}$Ti$_{0.667}$,25.0,$^\circ$C,C,1503.0,MPa,CAST
CoCrFeMnNi,25.0,$^\circ$C,T,520.0,MPa,WROUGHT
Al$_{0.229}$Co$_{0.486}$Cr$_{0.4}$Cu$_{0.229}$Fe$_{0.486}$Mo$_{0.003}$NiTi$_{0.029}$W$_{0.003}$,,,,,,ANNEAL
MoNbTaTiW,,,,,,ANNEAL
MoNbTaVW,1200.0,$^\circ$C,C,735.0,MPa,OTHER
AlCoCuFeNdNi,25.0,$^\circ$C,,,,CAST
AlCo$_{0.4}$Cr$_{0.4}$Fe$_{0.4}$Ni$_{0.4}$,25.0,$^\circ$C,,,,CAST
HfNbTaTiZr,520.0,$^\circ$C,,,,WROUGHT
CoCrFeMo$_{0.15}$Ni,25.0,$^\circ$C,T,1301.0,MPa,WROUGHT
CrFeNiTi$_{0.4}$,25.0,$^\circ$C,C,2475.41,MPa,CAST
Al$_{0.3}$CoCrFeMnNi,25.0,$^\circ$C,C,1836.0,MPa,CAST
CoCrFeNb$_{0.206}$Ni,25.0,$^\circ$C,T,403.0,MPa,CAST
AlNbTiVZr$_{0.5}$,800.0,$^\circ$C,C,675.0,MPa,ANNEAL
AlNbTiV,600.0,$^\circ$C,C,780.0,MPa,ANNEAL
HfNbSi$_{0.5}$TiVZr,600.0,$^\circ$C,C,920.0,MPa,CAST
Hf$_{0.5}$Mo$_{0.5}$NbTiZr,25.0,$^\circ$C,C,1150.0,MPa,CAST
HfMoNbTaTi,1000.0,$^\circ$C,C,778.0,MPa,CAST
C$_{0.5}$MoNbRe$_{0.5}$Ta$_{0.5}$W,25.0,$^\circ$C,C,1202.0,MPa,CAST
HfNbTiVZr,25.0,$^\circ$C,C,1170.0,MPa,CAST
HfNbTaTiZr,140.0,$^\circ$C,,,,WROUGHT
NbTaTiZr,25.0,$^\circ$C,T,1144.0,MPa,CAST
Al$_{0.25}$Cr$_{0.5}$Nb$_{0.5}$TiV$_{0.25}$,25.0,$^\circ$C,C,1240.0,MPa,CAST
HfNbTaTiZr,25.0,$^\circ$C,T,1159.0,MPa,OTHER
CrMoNbTi,400.0,$^\circ$C,C,1115.0,MPa,ANNEAL
Al$_{0.167}$CoCrFeNiTi$_{0.083}$,25.0,$^\circ$C,T,645.0,MPa,WROUGHT
Hf$_{0.5}$Mo$_{0.5}$NbTiZr,25.0,$^\circ$C,C,1176.0,MPa,CAST
CoCrFeNi,-268.8,$^\circ$C,T,680.0,MPa,WROUGHT
Al$_{0.714}$Cr$_{0.714}$Cu$_{0.714}$Fe$_{0.714}$Ni,25.0,$^\circ$C,,,,ANNEAL
CoFeNiSi$_{0.5}$,25.0,$^\circ$C,C,476.0,MPa,CAST
Al$_{0.667}$CrNb$_{0.667}$Ti$_{0.667}$V$_{0.667}$,800.0,$^\circ$C,C,970.0,MPa,ANNEAL
HfNbTaZr,25.0,$^\circ$C,C,1315.0,MPa,CAST
CoCuFeNb$_{0.5}$Ni,,,,,,WROUGHT
Al$_{0.343}$Co$_{0.514}$Cr$_{0.514}$FeNi$_{0.514}$,25.0,$^\circ$C,T,866.0,MPa,CAST
AlCo$_{0.5}$Cr$_{0.5}$Fe$_{0.5}$Ni$_{0.5}$,,,,,,
CuMnNiZn$_{0.25}$,25.0,$^\circ$C,C,140.0,MPa,CAST
HfNbTaTiZr,640.0,$^\circ$C,,,,WROUGHT
NbTaTiW,1000.0,$^\circ$C,C,459.0,MPa,ANNEAL
HfMoNbTaTiZr,800.0,$^\circ$C,C,1007.0,MPa,CAST
AlCoCrFeNi,25.0,$^\circ$C,C,,,CAST
Al$_{0.304}$CoCrFeNi,25.0,$^\circ$C,T,215.0,MPa,WROUGHT
Co$_{0.318}$Cr$_{0.227}$FeMo$_{0.091}$Ni$_{0.182}$,25.0,$^\circ$C,T,231.0,MPa,WROUGHT
Al$_{0.451}$Co$_{0.451}$Cr$_{0.451}$Fe$_{0.451}$Ni,25.0,$^\circ$C,T,545.0,MPa,CAST
Co$_{0.139}$Cr$_{0.446}$Cu$_{0.99}$NiSi$_{0.277}$,,,,,,WROUGHT
Al$_{0.3}$CoCrCuFe,25.0,$^\circ$C,,,,
AlHfNbTi,,,,,,ANNEAL
C$_{0.4}$MoNbRe$_{0.5}$Ta$_{0.4}$W,25.0,$^\circ$C,C,1144.0,MPa,CAST
AlCrCuFeMnW$_{0.05}$,25.0,$^\circ$C,C,1120.0,MPa,POWDER
AlCo$_{0.357}$Cr$_{0.357}$Cu$_{0.357}$Fe$_{0.357}$,25.0,$^\circ$C,,,,
HfMo$_{0.25}$NbTaTiZr,25.0,$^\circ$C,C,1112.0,MPa,CAST
AlCo$_{0.465}$Cr$_{0.442}$Fe$_{0.209}$Ni$_{0.209}$,,,,,,
CoCrCuFeNiV$_{0.136}$,25.0,$^\circ$C,C,330.0,MPa,CAST
MoNbTaTi,600.0,$^\circ$C,C,593.0,MPa,ANNEAL
Al$_{0.5}$Cr$_{0.5}$FeNi,25.0,$^\circ$C,C,,,CAST
CoCrFeMo$_{0.15}$Ni,25.0,$^\circ$C,T,952.0,MPa,WROUGHT
CrNbTiZr,800.0,$^\circ$C,C,300.0,MPa,OTHER
HfNbTaTiZr,25.0,$^\circ$C,T,1202.0,MPa,WROUGHT
AlCrNbTiV,800.0,$^\circ$C,C,860.0,MPa,ANNEAL
HfMoNbTaTiZr,1000.0,$^\circ$C,C,814.0,MPa,CAST
Al$_{0.186}$Cr$_{0.149}$FeMn$_{0.861}$Ni$_{0.28}$,25.0,$^\circ$C,T,409.0,MPa,ANNEAL
CrFeMoNbV,25.0,$^\circ$C,C,2663.0,MPa,CAST
Co$_{0.139}$Cr$_{0.446}$Cu$_{0.99}$NiSi$_{0.277}$,25.0,$^\circ$C,T,777.0,MPa,WROUGHT
CoCrFeMo$_{0.2}$Ni,25.0,$^\circ$C,T,,,ANNEAL
Al$_{0.25}$Cr$_{0.5}$Nb$_{0.5}$TiV$_{0.25}$,800.0,$^\circ$C,C,445.0,MPa,ANNEAL
CoNiV,25.0,$^\circ$C,T,461.0,MPa,WROUGHT
Al$_{0.5}$Mo$_{0.5}$NbTa$_{0.5}$TiZr,1000.0,$^\circ$C,C,579.0,MPa,OTHER
AlMoNbTi,1200.0,$^\circ$C,C,200.0,MPa,ANNEAL
MoNbTaV,25.0,$^\circ$C,C,1525.0,MPa,ANNEAL
MoNbTaVW,1200.0,$^\circ$C,C,735.0,MPa,CAST
CrMo$_{0.5}$NbTa$_{0.5}$TiZr,1000.0,$^\circ$C,C,546.0,MPa,OTHER
Al$_{0.5}$Co$_{0.5}$Cr$_{0.5}$Fe$_{0.5}$Mo$_{0.25}$Ni,25.0,$^\circ$C,,,,CAST
NbTaTi,20.0,$^\circ$C,C,573.0,MPa,WROUGHT
CoCr$_{0.2}$FeNiSi$_{0.2}$,25.0,$^\circ$C,T,705.0,MPa,WROUGHT
Al$_{0.108}$Co$_{0.514}$Cr$_{0.514}$Cu$_{0.108}$Fe$_{0.514}$Ni,25.0,$^\circ$C,T,460.0,MPa,WROUGHT
HfNbTaTiZr,740.0,$^\circ$C,,,,WROUGHT
CoCrFeMnNi,-196.0,$^\circ$C,T,1692.0,MPa,WROUGHT
AlCoCrFeMo$_{0.5}$Ni,25.0,$^\circ$C,,,,CAST
CoFeMoNiV,25.0,$^\circ$C,,,,CAST
Co$_{0.25}$Cr$_{0.25}$FeMn,25.0,$^\circ$C,T,393.0,MPa,CAST
Al$_{0.214}$Nb$_{0.714}$Ta$_{0.571}$TiV$_{0.143}$Zr$_{0.929}$,25.0,$^\circ$C,C,1965.0,MPa,OTHER
CoCrFeNi,,,,,,POWDER
CoFeNiSi$_{0.75}$,25.0,$^\circ$C,C,1301.0,MPa,CAST
Al$_{0.214}$Nb$_{0.714}$Ta$_{0.714}$TiZr$_{0.929}$,1000.0,$^\circ$C,C,236.0,MPa,OTHER
HfNbTaTiZr,25.0,$^\circ$C,T,1115.0,MPa,OTHER
CrNbTiZr,600.0,$^\circ$C,C,1035.0,MPa,OTHER
HfMo$_{0.5}$NbTiV$_{0.5}$,25.0,$^\circ$C,C,1260.0,MPa,CAST
Al$_{0.667}$CCo$_{0.667}$Cr$_{0.667}$Fe$_{0.667}$Ni$_{0.667}$,25.0,$^\circ$C,C,1255.0,MPa,CAST
Co$_{0.5}$Fe$_{0.5}$Mo$_{0.1}$NiV$_{0.25}$,-196.0,$^\circ$C,T,419.0,MPa,CAST
HfNbTaTiZr,20.0,$^\circ$C,,,,WROUGHT
HfTiYZr,25.0,$^\circ$C,C,554.0,MPa,CAST
CoCrFeNiPd,,,,,,CAST
AlCo$_{0.256}$Cr$_{0.795}$Cu$_{0.128}$Fe$_{0.205}$Ni$_{0.179}$,,,,,,
CCoCrFeMnNi,25.0,$^\circ$C,T,643.8,MPa,WROUGHT
AlCo$_{0.75}$CrFeNi,25.0,$^\circ$C,C,1331.0,MPa,
Al$_{0.304}$CoCrFeNi,25.0,$^\circ$C,C,,,CAST
CoCr$_{0.429}$Fe$_{0.571}$Mo$_{0.286}$Ni$_{0.571}$,25.0,$^\circ$C,T,350.0,MPa,WROUGHT
TaTiZr,25.0,$^\circ$C,T,,,CAST
CoCrFeNi,-253.0,$^\circ$C,T,,,WROUGHT
Al$_{0.5}$CoCrFeMo$_{0.5}$Ni,25.0,$^\circ$C,,,,CAST
CrMoNbTi,200.0,$^\circ$C,C,1268.0,MPa,ANNEAL
NbTiZr,23.0,$^\circ$C,C,975.0,MPa,OTHER
AlCoCrFeNi,25.0,$^\circ$C,C,1138.0,MPa,CAST
AlMoNbTi,1000.0,$^\circ$C,C,540.0,MPa,ANNEAL
HfNbSi$_{0.5}$TiVZr,800.0,$^\circ$C,C,102.0,MPa,ANNEAL
Hf$_{0.26}$NbTaTi$_{0.578}$Zr$_{0.416}$,100.0,$^\circ$C,C,765.0,MPa,CAST
Al$_{0.5}$NbTaTiV,25.0,$^\circ$C,C,1014.0,MPa,CAST
CoCrFeMnNi,25.0,$^\circ$C,T,290.65,MPa,WROUGHT
HfNbTaTiZr,780.0,$^\circ$C,,,,WROUGHT
CoCr$_{0.2}$FeNiSi$_{0.2}$,25.0,$^\circ$C,T,225.0,MPa,CAST
Al$_{0.2}$Cr$_{0.667}$FeMn$_{0.667}$Ni$_{0.333}$,25.0,$^\circ$C,,,,CAST
HfMoTaTiZr,1000.0,$^\circ$C,C,855.0,MPa,CAST
AlCoCrCuFe,25.0,$^\circ$C,,,,
Nb$_{0.5}$Ti$_{0.5}$VZr$_{0.5}$,1000.0,$^\circ$C,C,72.0,MPa,OTHER
HfNbTaTiZr,1200.0,$^\circ$C,C,92.0,MPa,OTHER
CrCuFeMnNi,25.0,$^\circ$C,T,502.0,MPa,ANNEAL
AlCoCrFeNi,25.0,$^\circ$C,C,1110.0,MPa,CAST
Al$_{0.25}$Co$_{0.5}$Cr$_{0.5}$Cu$_{0.5}$Fe$_{0.5}$Ni$_{0.5}$Ti,25.0,$^\circ$C,,,,CAST
HfNbTaTiZr,680.0,$^\circ$C,,,,WROUGHT
AlCoCrFeNi,25.0,$^\circ$C,C,1209.0,MPa,CAST
Al$_{0.5}$CoCrCuFeNi,300.0,$^\circ$C,C,411.0,MPa,CAST
CoCrFeMnNi,25.0,$^\circ$C,T,280.0,MPa,WROUGHT
CoCr$_{0.667}$Fe$_{0.667}$NiTi$_{0.333}$,25.0,$^\circ$C,,,,ANNEAL
Al$_{0.167}$CoCrFeNiTi$_{0.083}$,25.0,$^\circ$C,T,210.0,MPa,ANNEAL
Hf$_{0.5}$Nb$_{0.667}$Ta$_{0.333}$TiZr$_{0.833}$,-196.0,$^\circ$C,C,1750.0,MPa,WROUGHT
MoNbTaTiW,25.0,$^\circ$C,C,1343.0,MPa,CAST
Al$_{0.304}$CoCrFeNi,,,,,,ANNEAL
MoNb$_{0.5}$Ti$_{0.5}$V$_{0.5}$Zr$_{0.5}$,25.0,$^\circ$C,C,1765.0,MPa,ANNEAL
Al$_{0.4}$Hf$_{0.6}$NbTaTiZr,1200.0,$^\circ$C,C,89.0,MPa,OTHER
NbRe$_{0.3}$TiZr,1000.0,$^\circ$C,C,323.0,MPa,OTHER
CrCuFeMnNi,25.0,$^\circ$C,T,628.0,MPa,CAST
Co$_{0.986}$Cr$_{0.952}$Fe$_{0.933}$Mn$_{0.914}$Ni,25.0,$^\circ$C,T,425.0,MPa,WROUGHT
AlCo$_{0.674}$Cr$_{0.419}$Fe$_{0.116}$Ni$_{0.116}$,,,,,,
Al$_{0.05}$Cr$_{0.5}$FeMn$_{0.625}$Ni$_{0.375}$,400.0,$^\circ$C,C,260.0,MPa,CAST
Hf$_{0.333}$Nb$_{0.333}$Ta$_{0.333}$TiZr$_{0.667}$,25.0,$^\circ$C,T,903.0,MPa,CAST
HfNbTaTiWZr,1200.0,$^\circ$C,C,345.0,MPa,CAST
Al$_{0.667}$Nb$_{0.667}$Ti$_{0.667}$V$_{0.667}$Zr,600.0,$^\circ$C,C,1195.0,MPa,ANNEAL
AlCrFeMo$_{0.2}$Ni,25.0,$^\circ$C,C,1487.0,MPa,CAST
Al$_{0.5}$CoCrFeMnNi,25.0,$^\circ$C,C,1932.0,MPa,CAST
MoNbSi$_{0.25}$TaW,800.0,$^\circ$C,,,,POWDER
AlCoCrCuNiTiY$_{0.5}$,25.0,$^\circ$C,C,,,CAST
Al$_{0.304}$CoCrFeNi,,,,,,WROUGHT
AlCrMoNb,,,,,,ANNEAL
CoCrCuFeNiV$_{0.19}$,25.0,$^\circ$C,C,616.0,MPa,CAST
CrNbTiZr,1000.0,$^\circ$C,C,115.0,MPa,OTHER
Co$_{0.25}$Cr$_{0.25}$FeMn,25.0,$^\circ$C,T,512.0,MPa,WROUGHT
Al$_{0.88}$CoCrFeMnNi,25.0,$^\circ$C,,,,CAST
AlCoCrFeMnNi,25.0,$^\circ$C,C,,,CAST
CoCuFeNiSn$_{0.05}$,25.0,$^\circ$C,T,,,CAST
Al$_{0.3}$CoCrFeNi,300.0,$^\circ$C,C,,,CAST
MoNbTaTi,20.0,$^\circ$C,C,1210.0,MPa,ANNEAL
MoNbTaW,1000.0,$^\circ$C,C,548.0,MPa,OTHER
AlCoCuFeNiZr,25.0,$^\circ$C,,,,CAST
Al$_{0.304}$CoCrFeNi,25.0,$^\circ$C,T,550.0,MPa,
AlCoCrFeNb$_{0.75}$Ni,25.0,$^\circ$C,,,,CAST
AlMoTaTiV,25.0,$^\circ$C,C,,,CAST
AlCoCrFeNi,25.0,$^\circ$C,T,900.0,MPa,ANNEAL
AlCoCrFeNi,25.0,$^\circ$C,C,,,POWDER
CoCr$_{0.25}$Ni,25.0,$^\circ$C,T,745.0,MPa,WROUGHT
Al$_{0.15}$Cr$_{0.5}$FeMn$_{0.625}$Ni$_{0.375}$,25.0,$^\circ$C,C,550.0,MPa,CAST
AlCrCuFeNi,25.0,$^\circ$C,,,,CAST
HfNbTaTiZr,23.0,$^\circ$C,C,929.0,MPa,OTHER
CoCrCu$_{0.5}$FeNi,25.0,$^\circ$C,,,,CAST
Al$_{0.774}$FeMn$_{0.903}$Ni$_{0.484}$,,,,,,ANNEAL
AlCoCrFeNb$_{0.25}$Ni,25.0,$^\circ$C,C,1959.0,MPa,CAST
CoCrFeMnNi,25.0,$^\circ$C,T,,,POWDER
Al$_{0.515}$Cr$_{0.515}$FeNi,25.0,$^\circ$C,T,796.0,MPa,CAST
HfNbTaTiZr,160.0,$^\circ$C,,,,WROUGHT
HfNbSi$_{0.5}$TiVZr,400.0,$^\circ$C,C,1273.0,MPa,ANNEAL
HfNbTaTiZr,600.0,$^\circ$C,,,,WROUGHT
AlCo$_{0.5}$Cr$_{0.5}$Cu$_{0.5}$Fe$_{0.5}$Ni$_{0.5}$,500.0,$^\circ$C,C,1120.0,MPa,CAST
MoNbTaW,800.0,$^\circ$C,,,,POWDER
CrMoNbTiW,25.0,$^\circ$C,C,1630.0,MPa,POWDER
HfMo$_{0.5}$NbTiV$_{0.5}$,23.0,$^\circ$C,C,1260.0,MPa,CAST
Al$_{0.24}$NbTiVZr,1200.0,$^\circ$C,C,24.0,MPa,OTHER
Al$_{0.667}$Co$_{0.833}$Cr$_{0.833}$Fe$_{0.833}$Ni$_{0.833}$Ti,25.0,$^\circ$C,C,1272.0,MPa,CAST
AlCo$_{0.419}$Cr$_{0.465}$Fe$_{0.279}$Ni$_{0.163}$,,,,,,
CrFeNiTi$_{0.3}$,25.0,$^\circ$C,C,2364.63,MPa,CAST
Al$_{0.133}$CoCr$_{0.667}$Fe$_{0.667}$NiTi$_{0.333}$,25.0,$^\circ$C,,,,ANNEAL
Al$_{0.476}$Co$_{0.476}$Cr$_{0.476}$Fe$_{0.476}$Ni,25.0,$^\circ$C,T,1154.0,MPa,WROUGHT
AlCoCrCuFeNi,25.0,$^\circ$C,,,,CAST
CoCrFeMo$_{0.15}$Ni,25.0,$^\circ$C,T,1273.0,MPa,WROUGHT
Al$_{0.3}$Cr$_{0.5}$Cu$_{0.5}$Fe$_{0.5}$Ni,25.0,$^\circ$C,,,,
Hf$_{0.5}$Nb$_{0.667}$Ta$_{0.333}$TiZr$_{0.833}$,-103.0,$^\circ$C,C,1380.0,MPa,WROUGHT
Co$_{0.714}$Fe$_{0.714}$Mo$_{0.714}$NiV$_{0.714}$,25.0,$^\circ$C,,,,CAST
AlCo$_{0.556}$Cr$_{0.556}$Cu$_{0.556}$Fe$_{0.556}$,25.0,$^\circ$C,,,,
NbTaTiW,200.0,$^\circ$C,C,869.0,MPa,ANNEAL
AlCrNbTiV,25.0,$^\circ$C,C,1550.0,MPa,ANNEAL
HfNbTaTiZr,25.0,$^\circ$C,T,985.0,MPa,WROUGHT
Al$_{0.278}$Co$_{0.694}$Cr$_{0.222}$Fe$_{0.417}$NiTi$_{0.167}$,600.0,$^\circ$C,T,470.0,MPa,ANNEAL
MoNbTaVW,800.0,$^\circ$C,C,846.0,MPa,CAST
Hf$_{0.5}$Nb$_{0.667}$Ta$_{0.333}$TiZr$_{0.833}$,25.0,$^\circ$C,C,890.0,MPa,WROUGHT
Hf$_{0.5}$Mo$_{0.5}$NbSi$_{0.3}$TiZr,25.0,$^\circ$C,C,1370.0,MPa,CAST
Al$_{0.278}$Co$_{0.694}$Cr$_{0.222}$Fe$_{0.417}$NiTi$_{0.167}$,,,,,,ANNEAL
HfNbTiZr,25.0,$^\circ$C,C,1000.0,MPa,CAST
Hf$_{0.5}$Nb$_{0.667}$Ta$_{0.333}$TiZr$_{0.833}$,-103.0,$^\circ$C,C,1250.0,MPa,WROUGHT
CoCrFeNi,25.0,$^\circ$C,C,,,CAST
HfMo$_{0.5}$NbSi$_{0.3}$TiV$_{0.5}$,1000.0,$^\circ$C,C,398.0,MPa,CAST
CoCrFeMo$_{0.2}$Ni,25.0,$^\circ$C,T,,,ANNEAL
AlCoCrCuFeNi,25.0,$^\circ$C,T,1040.0,MPa,WROUGHT
AlCrCuFeNi,400.0,$^\circ$C,C,1366.0,MPa,POWDER
CrMoNbTaVW,25.0,$^\circ$C,C,3416.0,MPa,POWDER
HfMoNbTiZr,800.0,$^\circ$C,C,829.0,MPa,CAST
Al$_{0.304}$CoCrFeNi,,,,,,WROUGHT
MoNbTaTiW,600.0,$^\circ$C,C,689.0,MPa,CAST
NbTiZr,1000.0,$^\circ$C,C,141.0,MPa,OTHER
Al$_{0.304}$CoCrFeNi,25.0,$^\circ$C,T,690.0,MPa,
Hf$_{0.25}$TiV$_{0.5}$Zr$_{0.5}$,800.0,$^\circ$C,C,85.0,MPa,CAST
Co$_{0.25}$CrNi,25.0,$^\circ$C,T,518.0,MPa,WROUGHT
Co$_{0.318}$Cr$_{0.227}$FeMo$_{0.091}$Ni$_{0.182}$,25.0,$^\circ$C,T,443.0,MPa,WROUGHT
NbTiZr,1000.0,$^\circ$C,C,218.0,MPa,CAST
AlCrFeMoNi,25.0,$^\circ$C,,,,CAST
HfMo$_{0.5}$NbSi$_{0.3}$TiV$_{0.5}$,1000.0,$^\circ$C,C,398.0,MPa,CAST
CrMoTaTi,600.0,$^\circ$C,C,1162.0,MPa,ANNEAL
HfMo$_{0.5}$NbSi$_{0.3}$TiV$_{0.5}$,1200.0,$^\circ$C,C,166.0,MPa,CAST
HfMoNbTaTiZr,25.0,$^\circ$C,C,1512.0,MPa,CAST
CoCrFeMnNiV,25.0,$^\circ$C,C,1700.0,MPa,ANNEAL
AlHfTaTi,,,,,,ANNEAL
AlCrNbTiV,1000.0,$^\circ$C,C,65.0,MPa,ANNEAL
Hf$_{0.25}$Nb$_{0.5}$TiV$_{0.5}$Zr$_{0.5}$,25.0,$^\circ$C,C,980.0,MPa,CAST
HfMoNbTaZr,800.0,$^\circ$C,C,1005.0,MPa,CAST
HfMo$_{0.5}$NbSi$_{0.7}$TiV$_{0.5}$,1200.0,$^\circ$C,C,235.0,MPa,CAST
HfMoNbTiZr,1000.0,$^\circ$C,C,635.0,MPa,CAST
AlCo$_{0.442}$Cr$_{0.442}$Fe$_{0.256}$Ni$_{0.186}$,,,,,,
AlCrCuFeNi$_{0.6}$,25.0,$^\circ$C,,,,ANNEAL
AlCo$_{0.5}$Cr$_{0.5}$Cu$_{0.5}$Fe$_{0.5}$Ni$_{0.5}$,600.0,$^\circ$C,C,805.0,MPa,CAST
AlCuNiTi,25.0,$^\circ$C,C,300.0,MPa,CAST
Al$_{0.667}$Nb$_{0.667}$Ti$_{0.667}$V$_{0.667}$Zr,25.0,$^\circ$C,C,1535.0,MPa,ANNEAL
MoNbTaTiW,1000.0,$^\circ$C,C,620.0,MPa,CAST
CoCr$_{0.2}$FeNiSi$_{0.2}$,25.0,$^\circ$C,T,320.0,MPa,WROUGHT
HfNbTiVZr,25.0,$^\circ$C,C,1157.0,MPa,ANNEAL
AlCo$_{0.25}$CrFeNi,25.0,$^\circ$C,C,1363.0,MPa,
Al$_{0.1}$CoCrFeMnNi,25.0,$^\circ$C,,,,CAST
HfNbTaZr,25.0,$^\circ$C,C,2020.0,MPa,ANNEAL
AlCoCrCuNiTiY,25.0,$^\circ$C,C,,,CAST
Al$_{0.25}$NbTaTiZr,25.0,$^\circ$C,C,1745.0,MPa,OTHER
AlCoCrFeMo$_{0.5}$Ni,25.0,$^\circ$C,,,,CAST
NbTaTiW,400.0,$^\circ$C,C,627.0,MPa,ANNEAL
Al$_{0.4}$Hf$_{0.6}$NbTaTiZr,25.0,$^\circ$C,C,1841.0,MPa,OTHER
AlCo$_{0.465}$Cr$_{0.512}$Fe$_{0.186}$Ni$_{0.163}$,,,,,,
Hf$_{0.5}$Nb$_{0.667}$Ta$_{0.333}$TiZr$_{0.833}$,-196.0,$^\circ$C,C,1920.0,MPa,WROUGHT
CoCrFeMn,25.0,$^\circ$C,C,338.0,MPa,
HfNbTaTiZr,25.0,$^\circ$C,T,1114.0,MPa,OTHER
HfMoNbTaTiWZr,25.0,$^\circ$C,C,1637.0,MPa,CAST
Al$_{0.5}$CoCrCuFeNiTi$_{0.2}$,25.0,$^\circ$C,,,,CAST
NbTaTiW,20.0,$^\circ$C,C,1054.0,MPa,ANNEAL
CrNbTiZr,25.0,$^\circ$C,C,1260.0,MPa,OTHER
AlCoCrFeNi,25.0,$^\circ$C,C,1380.0,MPa,CAST
C$_{0.111}$CoCrFeNiW$_{0.111}$,,,,,,POWDER
CoCrFeMnNi,25.0,$^\circ$C,C,230.0,MPa,ANNEAL
CoFeNiSi$_{0.25}$,25.0,$^\circ$C,C,196.0,MPa,CAST
HfNbTaTi,,,,,,ANNEAL
C$_{0.02}$CoCrFeMnNi,25.0,$^\circ$C,T,446.0,MPa,WROUGHT
CrNb$_{0.333}$Ti$_{0.333}$Zr$_{0.333}$,23.0,$^\circ$C,C,1576.0,MPa,OTHER
CoCr$_{0.588}$Fe$_{0.176}$Mo$_{0.176}$Ni,25.0,$^\circ$C,T,309.0,MPa,WROUGHT
Al$_{0.3}$CoCrFeNi,,,,,,CAST
NbTaTiV,25.0,$^\circ$C,C,1108.0,MPa,POWDER
CoCrFeMnNiV$_{0.75}$,25.0,$^\circ$C,C,740.0,MPa,ANNEAL
AlCrMoTi,600.0,$^\circ$C,C,1020.0,MPa,ANNEAL
HfNbSi$_{0.5}$TiVZr,800.0,$^\circ$C,C,371.0,MPa,CAST
Al$_{0.947}$Co$_{0.158}$MoNi$_{0.289}$W$_{0.237}$,25.0,$^\circ$C,,,,CAST
HfNbTaTiZr,,,,,,OTHER
Al$_{0.5}$CoCrFeMnNiTa$_{0.4}$,,,,,,
Al$_{0.111}$CuMnNi,25.0,$^\circ$C,C,515.0,MPa,CAST
MoNbTaTiVW,1000.0,$^\circ$C,C,753.0,MPa,CAST
Al$_{0.55}$CoCrFeMnNiTa$_{0.6}$,,,,,,
AlCu$_{0.077}$Mg$_{0.077}$Mn$_{0.077}$Si$_{0.231}$Zn$_{0.077}$,25.0,$^\circ$C,C,622.0,MPa,CAST
HfMo$_{0.5}$NbTaTiZr,25.0,$^\circ$C,C,1317.0,MPa,CAST
AlHfNbTi,,,,,,CAST
AlCoFeNi,25.0,$^\circ$C,C,964.0,MPa,CAST
AlCo$_{0.255}$Cr$_{0.255}$Cu$_{0.106}$Fe$_{0.277}$Ni$_{0.234}$,,,,,,
AlCrMoNbTi,1000.0,$^\circ$C,C,550.0,MPa,ANNEAL
CrTaVW,25.0,$^\circ$C,C,2327.0,MPa,POWDER
CoCr$_{0.429}$Fe$_{0.571}$Mo$_{0.286}$Ni$_{0.571}$,25.0,$^\circ$C,T,1028.0,MPa,WROUGHT
HfMoNbTiZr,23.0,$^\circ$C,C,1575.0,MPa,CAST
Al$_{0.853}$Co$_{0.647}$CrFe$_{0.147}$Ni$_{0.294}$,,,,,,
CoCrFeNi,25.0,$^\circ$C,T,631.0,MPa,WROUGHT
AlCo$_{0.667}$Cr$_{0.667}$Fe$_{0.667}$Ni$_{0.667}$,25.0,$^\circ$C,,,,ANNEAL
Co$_{0.556}$Fe$_{0.556}$Mo$_{0.556}$NiV$_{0.556}$,25.0,$^\circ$C,,,,CAST
Al$_{0.5}$CoCrCuFeNi,25.0,$^\circ$C,C,388.0,MPa,CAST
Al$_{0.5}$CoCrCuFeNi,25.0,$^\circ$C,,,,CAST
CoCrFeMo$_{0.15}$Ni,25.0,$^\circ$C,T,1136.0,MPa,WROUGHT
AlMo$_{0.5}$NbTa$_{0.5}$TiZr$_{0.5}$,25.0,$^\circ$C,C,,,OTHER
Al$_{0.5}$B$_{0.6}$CoCrCuFeNi,25.0,$^\circ$C,,,,CAST
Al$_{0.451}$Co$_{0.451}$Cr$_{0.451}$Fe$_{0.451}$Ni,-70.0,$^\circ$C,T,570.0,MPa,
CoCrFeMnNi,25.0,$^\circ$C,C,1100.0,MPa,POWDER
Al$_{0.333}$Cr$_{0.667}$FeMn$_{0.667}$Ni$_{0.333}$,25.0,$^\circ$C,,,,CAST
AlCo$_{0.5}$Cr$_{0.5}$Cu$_{0.5}$Fe$_{0.5}$Ni$_{0.5}$,25.0,$^\circ$C,C,1620.0,MPa,CAST
Al$_{0.476}$Co$_{0.476}$Cr$_{0.476}$Fe$_{0.476}$Ni,25.0,$^\circ$C,T,1263.0,MPa,WROUGHT
HfNbTaTiZr,380.0,$^\circ$C,,,,WROUGHT
Al$_{0.3}$CoCrFeMnNi,,,,,,POWDER
AlMoNbTi,23.0,$^\circ$C,C,1100.0,MPa,ANNEAL
CoFeMo$_{0.6}$NiV,25.0,$^\circ$C,,,,CAST
CoCrFeNi,25.0,$^\circ$C,T,448.0,MPa,WROUGHT
MoNbTaTi,,,,,,ANNEAL
Al$_{0.278}$Co$_{0.694}$Cr$_{0.222}$Fe$_{0.417}$NiTi$_{0.167}$,600.0,$^\circ$C,T,594.0,MPa,ANNEAL
HfMo$_{0.5}$NbSi$_{0.5}$TiV$_{0.5}$,23.0,$^\circ$C,C,1787.0,MPa,CAST
AlMoNbTi,,,,,,CAST
Co$_{0.986}$Cr$_{0.952}$Fe$_{0.933}$Mn$_{0.914}$Ni,25.0,$^\circ$C,T,270.0,MPa,WROUGHT
Al$_{0.5}$CoCrCu$_{0.5}$FeNiTi$_{0.5}$,25.0,$^\circ$C,C,1580.0,MPa,CAST
HfNbTaTiZr,820.0,$^\circ$C,,,,WROUGHT
C$_{0.053}$CoCrFeMnNi,1000.0,$^\circ$C,C,,,ANNEAL
Hf$_{0.26}$NbTaTi$_{0.578}$Zr$_{0.416}$,25.0,$^\circ$C,C,845.0,MPa,CAST
CoCrMoNbTi,25.0,$^\circ$C,C,,,CAST
Al$_{0.5}$HfNbTaTiZr,25.0,$^\circ$C,C,1302.0,MPa,CAST
HfNbTaTiZr,25.0,$^\circ$C,T,1155.0,MPa,CAST
FeMnNi,25.0,$^\circ$C,T,322.0,MPa,WROUGHT
HfNbTaTiZr,840.0,$^\circ$C,,,,WROUGHT
AlCoCrCuFeNi,700.0,$^\circ$C,C,307.0,MPa,CAST
AlCoCrFeNi,25.0,$^\circ$C,C,1430.0,MPa,ANNEAL
Al$_{0.7}$Co$_{0.3}$CrFeNi,25.0,$^\circ$C,C,2033.0,MPa,POWDER
Al$_{0.75}$CoCrFeNi,25.0,$^\circ$C,,,,ANNEAL
CrMoTaTi,,,,,,ANNEAL
HfNbTaTiZr,25.0,$^\circ$C,T,795.0,MPa,OTHER
CoCrFeMnNi,,,,,,ANNEAL
CrMoNbTi,800.0,$^\circ$C,C,1058.0,MPa,ANNEAL
Al$_{0.5}$CoCrCuFeNi,700.0,$^\circ$C,T,160.0,MPa,WROUGHT
CoCrFeMnNi,25.0,$^\circ$C,C,1300.0,MPa,WROUGHT
HfMoTaTiZr,1200.0,$^\circ$C,C,404.0,MPa,CAST
Al$_{0.569}$Ca$_{0.143}$Li$_{0.857}$MgSi$_{0.286}$Y$_{0.003}$,25.0,$^\circ$C,C,556.0,MPa,CAST
HfMo$_{0.5}$NbSi$_{0.5}$TiV$_{0.5}$,1000.0,$^\circ$C,C,614.0,MPa,CAST
HfNbTaTiZr,40.0,$^\circ$C,,,,WROUGHT
CoCrCuFeNiTiVZr,25.0,$^\circ$C,,,,CAST
Al$_{0.5}$Co$_{0.5}$Cr$_{0.5}$FeMo$_{0.25}$Ni$_{0.5}$,25.0,$^\circ$C,,,,CAST
AlCrMoNbTi,1000.0,$^\circ$C,C,594.0,MPa,CAST
MoNbSi$_{0.75}$TaW,1200.0,$^\circ$C,C,960.0,MPa,POWDER
CoNiV,25.0,$^\circ$C,T,602.0,MPa,WROUGHT
AlMo$_{0.5}$NbTa$_{0.5}$TiZr,1200.0,$^\circ$C,C,250.0,MPa,OTHER
Al$_{0.75}$CoCrFeMnNi,25.0,$^\circ$C,,,,CAST
HfNbTaTiZr,25.0,$^\circ$C,T,1900.0,MPa,OTHER
HfMoNbTaTi,25.0,$^\circ$C,C,1369.0,MPa,CAST
Al$_{0.885}$CrFeNi,25.0,$^\circ$C,C,770.0,MPa,CAST
AlCo$_{0.5}$Cr$_{0.5}$Fe$_{0.5}$Ni$_{0.5}$,25.0,$^\circ$C,,,,ANNEAL
Al$_{0.511}$Co$_{0.511}$Cr$_{0.511}$Fe$_{0.511}$Ni,-192.0,$^\circ$C,T,700.0,MPa,
CoCrFeMnNi,25.0,$^\circ$C,T,370.0,MPa,WROUGHT
AlCrMoNbTi,600.0,$^\circ$C,C,930.0,MPa,ANNEAL
AlCo$_{0.149}$Cr$_{0.34}$Cu$_{0.191}$Fe$_{0.34}$Ni$_{0.106}$,,,,,,
Co$_{0.2}$Cr$_{0.2}$FeMn$_{0.6}$,25.0,$^\circ$C,T,250.0,MPa,ANNEAL
Al$_{0.304}$CoCrFeNi,25.0,$^\circ$C,T,285.0,MPa,WROUGHT
AlCo$_{0.333}$Cr$_{0.333}$Fe$_{0.333}$Ni$_{0.333}$,25.0,$^\circ$C,,,,CAST
Hf$_{0.5}$Nb$_{0.667}$Ta$_{0.333}$TiZr$_{0.833}$,25.0,$^\circ$C,C,1100.0,MPa,WROUGHT
Co$_{0.327}$Cr$_{0.227}$FeMo$_{0.136}$Ni$_{0.127}$,25.0,$^\circ$C,T,684.0,MPa,WROUGHT
CoCrFeMnNi,25.0,$^\circ$C,T,258.76,MPa,WROUGHT
CrFeNiTi$_{0.5}$,25.0,$^\circ$C,C,2380.79,MPa,CAST
Al$_{0.053}$CuMnNi,25.0,$^\circ$C,C,330.0,MPa,CAST
Al$_{0.15}$Cr$_{0.5}$Cu$_{0.25}$Fe$_{0.5}$Ni,25.0,$^\circ$C,T,350.0,MPa,WROUGHT
NbTiVZr,25.0,$^\circ$C,C,1104.0,MPa,ANNEAL
HfNbTiZr,,,,,,WROUGHT
MoNbTiVZr,1200.0,$^\circ$C,C,116.0,MPa,OTHER
Al$_{0.25}$CoCrFeNi,25.0,$^\circ$C,,,,ANNEAL
AlCoCrFeNi,25.0,$^\circ$C,,,,CAST
Al$_{0.75}$HfNbTaTiZr,25.0,$^\circ$C,C,1415.0,MPa,CAST
AlCoCrFeNiSi$_{0.6}$,25.0,$^\circ$C,C,1834.0,MPa,CAST
HfMoNbTiZr,1000.0,$^\circ$C,C,635.0,MPa,ANNEAL
AlHfNbTaTiZr,25.0,$^\circ$C,C,1489.0,MPa,CAST
Al$_{0.5}$CoCrCuFeNi,,,,,,CAST
CoFeNi,,,,,,
HfMoNbTaZr,1000.0,$^\circ$C,C,927.0,MPa,CAST
AlCr$_{0.889}$Fe$_{0.889}$Ni$_{0.889}$,25.0,$^\circ$C,C,1044.0,MPa,CAST
MoNbTaW,1200.0,$^\circ$C,C,506.0,MPa,CAST
AlCoCrFeNi,25.0,$^\circ$C,C,1373.0,MPa,CAST
NbTaTiVZr,1000.0,$^\circ$C,C,190.0,MPa,OTHER
CoCuFeMnNiSn$_{0.03}$,25.0,$^\circ$C,T,,,CAST
HfNbTaTi,,,,,,CAST
AlCoCrFeNi,25.0,$^\circ$C,C,1251.0,MPa,CAST
AlCoCuFeNi$_{0.8}$,25.0,$^\circ$C,C,1021.0,MPa,CAST
CoCrFeMn$_{0.4}$NiPd,25.0,$^\circ$C,C,650.0,MPa,CAST
Al$_{0.333}$Ca$_{0.011}$Li$_{0.867}$MgSi$_{0.011}$,25.0,$^\circ$C,C,300.0,MPa,CAST
Al$_{0.5}$CoCrFeMnNi,,,,,,
C$_{0.1}$CoCrFeMnNiTi$_{0.1}$,25.0,$^\circ$C,C,1616.0,MPa,POWDER
HfNbTaTiZr,400.0,$^\circ$C,C,790.0,MPa,OTHER
Al$_{0.5}$CoCrCuFeNi,25.0,$^\circ$C,,,,CAST
Hf$_{0.5}$Nb$_{0.667}$Ta$_{0.333}$TiZr$_{0.833}$,-153.0,$^\circ$C,C,1370.0,MPa,WROUGHT
AlCoFeNiTiVZr,25.0,$^\circ$C,,,,CAST
HfMoNbTaTiZr,1200.0,$^\circ$C,C,556.0,MPa,CAST
AlCoCrFeNiTi,25.0,$^\circ$C,C,1860.0,MPa,CAST
Mo$_{0.5}$NbTiVZr,25.0,$^\circ$C,C,1473.0,MPa,ANNEAL
AlCrMoNbTi,1000.0,$^\circ$C,C,550.0,MPa,ANNEAL
Hf$_{0.5}$Nb$_{0.667}$Ta$_{0.333}$TiZr$_{0.833}$,-153.0,$^\circ$C,C,1640.0,MPa,WROUGHT
Hf$_{0.25}$TiV$_{0.5}$Zr$_{0.5}$,25.0,$^\circ$C,C,1160.0,MPa,CAST
CoCrFeMoNiTiVZr,25.0,$^\circ$C,,,,CAST
Hf$_{0.26}$NbTaTi$_{0.578}$Zr$_{0.416}$,60.0,$^\circ$C,C,795.0,MPa,CAST
AlCo$_{0.304}$Cr$_{0.5}$Cu$_{0.109}$Fe$_{0.152}$Ni$_{0.109}$,,,,,,
AlCrCuFeNi,,,,,,POWDER
NbTaTi,800.0,$^\circ$C,C,210.0,MPa,WROUGHT
CoCrFeMnNi,25.0,$^\circ$C,T,208.0,MPa,CAST
HfNbTaTiZr,25.0,$^\circ$C,C,929.0,MPa,OTHER
Al$_{0.68}$CoCrFeMnNi,25.0,$^\circ$C,,,,CAST
CoFeMo$_{0.2}$NiV,25.0,$^\circ$C,,,,CAST
FeMoNiTiVZr,25.0,$^\circ$C,,,,CAST
HfNbTaTiZr,100.0,$^\circ$C,,,,WROUGHT
Hf$_{0.5}$Nb$_{0.667}$Ta$_{0.333}$TiZr$_{0.833}$,-103.0,$^\circ$C,C,1370.0,MPa,WROUGHT
Al$_{0.278}$Co$_{0.694}$Cr$_{0.222}$Fe$_{0.417}$NiTi$_{0.167}$,800.0,$^\circ$C,T,445.0,MPa,ANNEAL
AlLi$_{0.062}$Mg$_{0.062}$Sn$_{0.062}$Zn$_{0.062}$,25.0,$^\circ$C,C,415.0,MPa,CAST
CoCrFeMo$_{0.2}$Ni,25.0,$^\circ$C,T,,,ANNEAL
AlCrMoNbTi,600.0,$^\circ$C,C,1060.0,MPa,CAST
CoCrFeMnMo$_{0.19}$Ni,25.0,$^\circ$C,C,765.0,MPa,CAST
AlCo$_{0.5}$Cr$_{0.5}$Fe$_{0.5}$Ni$_{0.5}$,25.0,$^\circ$C,,,,ANNEAL
CoCrFeMnNi,25.0,$^\circ$C,T,1241.81,MPa,WROUGHT
CrFeMoNbTi,25.0,$^\circ$C,C,1647.0,MPa,CAST
AlNbTiVZr$_{0.25}$,25.0,$^\circ$C,C,1360.0,MPa,ANNEAL
CoCrFeMnNiV$_{0.765}$,25.0,$^\circ$C,C,780.0,MPa,ANNEAL
AlNbTiVZr$_{0.5}$,600.0,$^\circ$C,C,1135.0,MPa,ANNEAL
MoNbSi$_{0.5}$TaW,600.0,$^\circ$C,,,,POWDER
MoNbTaW,600.0,$^\circ$C,,,,POWDER
AlCoCrFeNi,25.0,$^\circ$C,C,1626.0,MPa,POWDER
CoCrFeMnNi,25.0,$^\circ$C,C,210.0,MPa,CAST
MoNbTaTiZr,25.0,$^\circ$C,C,1375.0,MPa,CAST
Al$_{0.5}$CoCrCuFeNi,25.0,$^\circ$C,T,1290.0,MPa,WROUGHT
CuMnNiSn$_{0.111}$,25.0,$^\circ$C,C,630.0,MPa,CAST
AlCrMoTi,1200.0,$^\circ$C,C,100.0,MPa,ANNEAL
AlCo$_{0.298}$Cr$_{0.319}$Cu$_{0.106}$Fe$_{0.277}$Ni$_{0.128}$,,,,,,
Al$_{0.417}$Co$_{0.833}$Cr$_{0.833}$Cu$_{0.833}$Fe$_{0.833}$Ni$_{0.833}$V,25.0,$^\circ$C,,,,CAST
AlNbTiZr,25.0,$^\circ$C,C,1509.0,MPa,CAST
Al$_{0.667}$NbTa$_{0.333}$TiZr$_{0.333}$,1000.0,$^\circ$C,C,403.0,MPa,OTHER
AlMo$_{0.5}$NbTa$_{0.5}$TiZr,800.0,$^\circ$C,C,1597.0,MPa,OTHER
Al$_{0.3}$CoCrFeNi,340.0,$^\circ$C,C,,,CAST
AlCrFeMo$_{0.5}$Ni,25.0,$^\circ$C,C,1749.0,MPa,CAST
HfNbTaTiZr,200.0,$^\circ$C,,,,WROUGHT
Al$_{0.5}$CrCuFeNi,,,,,,CAST
CoCr$_{0.588}$Fe$_{0.176}$Mo$_{0.176}$Ni,25.0,$^\circ$C,T,,,WROUGHT
MoNbTaTiVW,1200.0,$^\circ$C,C,659.0,MPa,CAST
Al$_{0.875}$CoCrFeNi,25.0,$^\circ$C,,,,ANNEAL
Al$_{0.343}$Co$_{0.514}$Cr$_{0.514}$FeNi$_{0.514}$,700.0,$^\circ$C,T,220.0,MPa,CAST
Al$_{0.5}$NbTa$_{0.5}$TiZr,,,,,,POWDER
Co$_{0.086}$Cu$_{0.086}$Fe$_{0.086}$NbNi$_{0.086}$,25.0,$^\circ$C,C,1703.0,MPa,WROUGHT
AlCo$_{0.277}$Cr$_{0.426}$Cu$_{0.106}$Fe$_{0.213}$Ni$_{0.106}$,,,,,,
AlCrCuFeNi,,,,,,POWDER
MoNbTaVW,25.0,$^\circ$C,C,2612.0,MPa,POWDER
Co$_{0.2}$Cr$_{0.2}$FeMn$_{0.6}$,25.0,$^\circ$C,T,400.0,MPa,WROUGHT
Co$_{0.327}$Cr$_{0.227}$FeMo$_{0.136}$Ni$_{0.127}$,25.0,$^\circ$C,T,296.0,MPa,WROUGHT
CoCrFeMnNi,25.0,$^\circ$C,T,1150.0,MPa,WROUGHT
AlNbTiVZr$_{0.1}$,600.0,$^\circ$C,C,975.0,MPa,ANNEAL
CoCrFeMnNi,25.0,$^\circ$C,T,378.7,MPa,WROUGHT
MoNbTaTiW,25.0,$^\circ$C,C,1455.0,MPa,CAST
AlNbTiV,600.0,$^\circ$C,C,810.0,MPa,ANNEAL
Co$_{0.5}$Fe$_{0.5}$Mo$_{0.5}$NiV$_{0.5}$,25.0,$^\circ$C,,,,CAST
HfMo$_{0.5}$NbSi$_{0.7}$TiV$_{0.5}$,1200.0,$^\circ$C,C,235.0,MPa,CAST
Al$_{0.49}$CoCrFeMnNi,25.0,$^\circ$C,T,331.0,MPa,CAST
Al$_{0.278}$Co$_{0.694}$Cr$_{0.222}$Fe$_{0.417}$NiTi$_{0.167}$,25.0,$^\circ$C,T,568.0,MPa,ANNEAL
Al$_{0.3}$CoCrFeMo$_{0.1}$Ni,,,,,,
Al$_{0.25}$Co$_{0.5}$Cr$_{0.5}$Cu$_{0.5}$Fe$_{0.5}$Ni$_{0.5}$V,25.0,$^\circ$C,,,,CAST
CoFeNi,25.0,$^\circ$C,C,204.0,MPa,CAST
Co$_{0.286}$Cr$_{0.429}$FeMn$_{0.143}$Ni$_{0.714}$V$_{0.286}$,25.0,$^\circ$C,T,401.0,MPa,WROUGHT
AlCoCrFeNi,25.0,$^\circ$C,C,1631.0,MPa,CAST
Al$_{0.6}$CoCr$_{0.333}$Fe$_{0.333}$Mo$_{0.067}$Ni,25.0,$^\circ$C,C,1250.8,MPa,CAST
HfMoTaTiZr,25.0,$^\circ$C,C,1600.0,MPa,CAST
CoCrCuNiZn,25.0,$^\circ$C,C,,,POWDER
Al$_{0.25}$Cr$_{0.5}$FeMn$_{0.625}$Ni$_{0.375}$,600.0,$^\circ$C,C,359.0,MPa,CAST
MoNbTi,1200.0,$^\circ$C,C,324.0,MPa,OTHER
Al$_{0.581}$Co$_{0.968}$Cr$_{0.323}$Fe$_{0.323}$Mo$_{0.032}$Ni,25.0,$^\circ$C,C,1159.7,MPa,CAST
AlCrMoNb,,,,,,CAST
Co$_{0.273}$Cr$_{0.477}$Nb$_{0.477}$Ni$_{0.045}$Ti,25.0,$^\circ$C,,,,CAST
Al$_{0.6}$CoCr$_{0.333}$Fe$_{0.333}$Mo$_{0.1}$Ni$_{0.967}$,25.0,$^\circ$C,C,1198.3,MPa,CAST
CoCrCuFeNi,25.0,$^\circ$C,C,230.0,MPa,
CoCrFeMnNiV$_{0.5}$,25.0,$^\circ$C,C,620.0,MPa,ANNEAL
HfTa$_{0.5}$TiZr,25.0,$^\circ$C,T,700.0,MPa,CAST
Al$_{0.35}$Cr$_{0.5}$FeMn$_{0.625}$Ni$_{0.375}$,400.0,$^\circ$C,C,833.0,MPa,CAST
AlCoCrFeNiSi$_{0.2}$,25.0,$^\circ$C,C,1265.0,MPa,CAST
AlCo$_{0.558}$Cr$_{0.535}$Fe$_{0.116}$Ni$_{0.116}$,,,,,,
AlCu$_{0.062}$Li$_{0.062}$Mg$_{0.062}$Zn$_{0.062}$,25.0,$^\circ$C,C,488.0,MPa,CAST
Al$_{0.35}$Cr$_{0.5}$FeMn$_{0.625}$Ni$_{0.375}$,25.0,$^\circ$C,C,942.0,MPa,CAST
HfMoNbTiZr,25.0,$^\circ$C,C,1351.0,MPa,CAST
MoNbTiV$_{0.5}$Zr,25.0,$^\circ$C,C,1647.0,MPa,CAST
Al$_{0.6}$MoTaTiV,25.0,$^\circ$C,C,962.0,MPa,CAST
AlCoCrFeNi,25.0,$^\circ$C,C,1690.0,MPa,ANNEAL
AlCo$_{0.667}$Cr$_{0.667}$Cu$_{0.667}$Fe$_{0.667}$Ni$_{0.667}$,,,,,,CAST
Al$_{0.357}$Co$_{0.714}$Cr$_{0.714}$Cu$_{0.714}$Fe$_{0.714}$Ni$_{0.714}$Ti,25.0,$^\circ$C,,,,CAST
Al$_{0.15}$Cr$_{0.5}$Cu$_{0.25}$Fe$_{0.5}$Ni,25.0,$^\circ$C,T,535.0,MPa,WROUGHT
NbTiV$_{0.3}$Zr,25.0,$^\circ$C,C,866.0,MPa,ANNEAL
MoNbTaTiW,23.0,$^\circ$C,C,1343.0,MPa,CAST
HfNbTaTiZr,720.0,$^\circ$C,,,,WROUGHT
Co$_{0.5}$Fe$_{0.5}$Mo$_{0.1}$NiV$_{0.25}$,20.0,$^\circ$C,T,252.0,MPa,CAST
HfNbTaTiZr,25.0,$^\circ$C,T,940.0,MPa,WROUGHT
CoCrFeMnNi,25.0,$^\circ$C,T,1050.0,MPa,WROUGHT
CrMoTaTi,100.0,$^\circ$C,C,1506.0,MPa,ANNEAL
NbTaTi,100.0,$^\circ$C,C,486.0,MPa,WROUGHT
HfNbTaTiZr,260.0,$^\circ$C,,,,WROUGHT
Al$_{0.875}$CoCrFeNi,25.0,$^\circ$C,,,,
MoNbTaTiZr,25.0,$^\circ$C,C,1390.0,MPa,CAST
CrHfNbTiZr,25.0,$^\circ$C,C,1457.0,MPa,ANNEAL
CoCrFeMo$_{0.2}$Ni,25.0,$^\circ$C,T,,,ANNEAL
Co$_{0.5}$Fe$_{0.5}$Mo$_{0.1}$NiV$_{0.25}$,700.0,$^\circ$C,T,212.0,MPa,CAST
AlCoCrFeMo$_{0.1}$Ni,25.0,$^\circ$C,C,1804.0,MPa,CAST
AlNbTiVZr$_{0.5}$,25.0,$^\circ$C,C,1480.0,MPa,
AlCoCrCuFeNi,25.0,$^\circ$C,C,1303.0,MPa,CAST
CoNiV,25.0,$^\circ$C,T,517.0,MPa,WROUGHT
CoCrFeNi,25.0,$^\circ$C,T,494.0,MPa,WROUGHT
Hf$_{0.25}$TiV$_{0.5}$Zr$_{0.5}$,600.0,$^\circ$C,C,405.0,MPa,CAST
Al$_{0.5}$CoCrCuFeNiTi$_{0.4}$,25.0,$^\circ$C,,,,CAST
CuMnNiZn$_{0.333}$,25.0,$^\circ$C,C,215.0,MPa,CAST
AlCoCrFeNi,25.0,$^\circ$C,C,1390.0,MPa,POWDER
HfNbTaTiZr,25.0,$^\circ$C,T,958.0,MPa,WROUGHT
CoNiV,25.0,$^\circ$C,T,767.0,MPa,WROUGHT
AlCoCrCuNiTi,25.0,$^\circ$C,C,,,
CrMo$_{0.5}$NbTa$_{0.5}$TiZr,1200.0,$^\circ$C,C,170.0,MPa,OTHER
Al$_{0.5}$CoCrCuFeNi,1100.0,$^\circ$C,C,80.0,MPa,CAST
FeMnNi,25.0,$^\circ$C,T,221.0,MPa,WROUGHT
HfNbSi$_{0.5}$TiV,1000.0,$^\circ$C,C,240.0,MPa,CAST
HfMoNbTaZr,1200.0,$^\circ$C,C,694.0,MPa,CAST
CrMo$_{0.5}$NbTa$_{0.5}$TiZr,1000.0,$^\circ$C,C,546.0,MPa,OTHER
Al$_{0.1}$CoCrFeNi,25.0,$^\circ$C,T,1198.0,MPa,WROUGHT
CrCuFeNiTi,,,,,,CAST
AlCoCrFeNi,,,,,,POWDER
HfNbTaTiZr,600.0,$^\circ$C,C,675.0,MPa,OTHER
HfNbTaTiZr,25.0,$^\circ$C,T,944.0,MPa,WROUGHT
HfNbTaTiZr,,,,,,WROUGHT
Al$_{0.5}$CoCrCuFeNiTi$_{0.6}$,25.0,$^\circ$C,,,,CAST
Al$_{0.25}$NbTaTiV,25.0,$^\circ$C,C,1330.0,MPa,CAST
MoNbTaW,23.0,$^\circ$C,C,996.0,MPa,OTHER
C$_{0.6}$MoNbRe$_{0.5}$Ta$_{0.6}$W,25.0,$^\circ$C,C,1241.0,MPa,CAST
CoFeMoNiTiVZr,25.0,$^\circ$C,,,,CAST
MoNbTaTiVW,25.0,$^\circ$C,C,1515.0,MPa,CAST
Co$_{0.067}$Cu$_{0.067}$Fe$_{0.067}$NbNi$_{0.067}$,25.0,$^\circ$C,C,1415.0,MPa,WROUGHT
HfNbTaTiZr,120.0,$^\circ$C,,,,WROUGHT
AlCu$_{0.5}$Li$_{0.5}$MgSn$_{0.2}$,25.0,$^\circ$C,,,,CAST
CoCrFeNi,25.0,$^\circ$C,,,,ANNEAL
CoCrFeNi,-223.0,$^\circ$C,T,,,WROUGHT
HfMo$_{0.5}$NbSi$_{0.3}$TiV$_{0.5}$,1200.0,$^\circ$C,C,166.0,MPa,CAST
HfTa$_{0.6}$TiZr,25.0,$^\circ$C,T,800.0,MPa,CAST
Al$_{0.465}$Co$_{0.465}$Cr$_{0.465}$Fe$_{0.465}$Ni,-70.0,$^\circ$C,T,595.0,MPa,
CoCr$_{0.588}$Fe$_{0.176}$Mo$_{0.176}$Ni,25.0,$^\circ$C,T,1100.0,MPa,WROUGHT
NbTaTi,1000.0,$^\circ$C,C,160.0,MPa,WROUGHT
Nb$_{0.333}$Ta$_{0.667}$Ti$_{0.667}$Zr,25.0,$^\circ$C,T,,,CAST
AlCr$_{0.828}$Fe$_{0.828}$Ni$_{0.828}$,25.0,$^\circ$C,C,906.8,MPa,CAST
HfNbTaZr,25.0,$^\circ$C,C,2100.0,MPa,ANNEAL
Al$_{0.774}$FeMn$_{0.903}$Ni$_{0.484}$Ti$_{0.097}$,,,,,,ANNEAL
Al$_{0.6}$CrFeMnNi,25.0,$^\circ$C,C,1130.0,MPa,CAST
Al$_{0.278}$Co$_{0.694}$Cr$_{0.222}$Fe$_{0.417}$NiTi$_{0.167}$,900.0,$^\circ$C,T,243.0,MPa,ANNEAL
MoNbTaTiW,1000.0,$^\circ$C,C,620.0,MPa,CAST
Al$_{0.229}$Co$_{0.486}$Cr$_{0.4}$Cu$_{0.229}$Fe$_{0.486}$Mo$_{0.003}$NiTi$_{0.029}$W$_{0.003}$,,,,,,ANNEAL
CrNbTiVZr,1000.0,$^\circ$C,C,259.0,MPa,OTHER
Al$_{0.429}$Cr$_{0.476}$Fe$_{0.476}$Ni,25.0,$^\circ$C,T,610.0,MPa,CAST
Hf$_{0.5}$Nb$_{0.667}$Ta$_{0.333}$TiZr$_{0.833}$,-43.0,$^\circ$C,C,1200.0,MPa,WROUGHT
HfMoNbTaTiZr,1200.0,$^\circ$C,C,556.0,MPa,CAST
CoCrFeMn$_{0.6}$NiPd,25.0,$^\circ$C,C,650.0,MPa,CAST
HfMo$_{0.5}$NbSi$_{0.7}$TiV$_{0.5}$,23.0,$^\circ$C,C,2134.0,MPa,CAST
Al$_{0.2}$MoTaTiV,25.0,$^\circ$C,C,1021.0,MPa,CAST
AlCoCrFeNi,25.0,$^\circ$C,C,1051.0,MPa,CAST
AlCo$_{0.318}$Cr$_{0.5}$Cu$_{0.114}$Fe$_{0.205}$Ni$_{0.136}$,,,,,,
MoNbSi$_{0.75}$TaW,400.0,$^\circ$C,,,,POWDER
CoCrNi,,,,,,
CoCrFeMnNi,25.0,$^\circ$C,T,560.0,MPa,WROUGHT
Al$_{0.43}$CoCrFeMnNi,25.0,$^\circ$C,T,285.0,MPa,CAST
AlNbTiVZr,25.0,$^\circ$C,C,1500.0,MPa,ANNEAL
HfMoNbTiZr,1200.0,$^\circ$C,C,187.0,MPa,CAST
MoNbTi,23.0,$^\circ$C,C,1100.0,MPa,OTHER
MoNbTaTiVW,800.0,$^\circ$C,C,791.3,MPa,CAST
CoCrFeNi,25.0,$^\circ$C,T,274.0,MPa,WROUGHT
CoCrFeNi,25.0,$^\circ$C,T,190.0,MPa,ANNEAL
CoCuFeNiSn$_{0.04}$,25.0,$^\circ$C,T,,,CAST
CoCr$_{0.25}$Ni,25.0,$^\circ$C,T,623.0,MPa,WROUGHT
Al$_{0.451}$Co$_{0.451}$Cr$_{0.451}$Fe$_{0.451}$Ni,25.0,$^\circ$C,T,545.0,MPa,
AlCoCuFeNi$_{0.5}$,25.0,$^\circ$C,C,929.0,MPa,CAST
CoCr$_{0.429}$Fe$_{0.571}$Mo$_{0.286}$Ni$_{0.571}$,25.0,$^\circ$C,T,1212.0,MPa,WROUGHT
AlCo$_{0.5}$Cr$_{0.5}$Fe$_{0.5}$Ni$_{0.5}$Ti$_{0.5}$,25.0,$^\circ$C,C,,,CAST
HfNbTaTi,200.0,$^\circ$C,C,610.0,MPa,ANNEAL
HfNbTaTiZr,800.0,$^\circ$C,C,535.0,MPa,OTHER
CoCrFeNb$_{0.103}$Ni,25.0,$^\circ$C,T,318.0,MPa,CAST
CoCrCuNiZn,25.0,$^\circ$C,C,2121.0,MPa,POWDER
CuFeNiTiVZr,25.0,$^\circ$C,,,,CAST
Al$_{0.5}$CoFeNiTi$_{0.5}$,,,,,,
HfMo$_{0.5}$NbSi$_{0.7}$TiV$_{0.5}$,25.0,$^\circ$C,C,2134.0,MPa,CAST
AlCrMoNbTi,800.0,$^\circ$C,C,860.0,MPa,CAST
Co$_{0.2}$Cr$_{0.2}$FeMn$_{0.6}$,25.0,$^\circ$C,T,298.0,MPa,WROUGHT
Al$_{0.81}$CoCrFeMnNi,25.0,$^\circ$C,,,,CAST
CrCuFeMnNi,25.0,$^\circ$C,T,534.0,MPa,ANNEAL
Co$_{0.2}$Cr$_{0.2}$FeMn$_{0.6}$,,,,,,CAST
Al$_{0.5}$CoCrCuFeNi,700.0,$^\circ$C,C,426.0,MPa,CAST
HfNbTaTi,600.0,$^\circ$C,C,473.0,MPa,ANNEAL
HfNbTaTiZr,25.0,$^\circ$C,T,972.0,MPa,WROUGHT
CoCrFeMo$_{0.304}$Ni,25.0,$^\circ$C,T,815.5,MPa,WROUGHT
AlCoCrFeMo$_{0.2}$Ni,25.0,$^\circ$C,C,2456.0,MPa,CAST
Hf$_{0.25}$Nb$_{0.25}$TiV$_{0.5}$Zr$_{0.5}$,800.0,$^\circ$C,C,135.0,MPa,CAST
CoCrFeMnNi,25.0,$^\circ$C,C,1314.0,MPa,CAST
Co$_{0.5}$Cr$_{0.5}$FeNi,25.0,$^\circ$C,T,214.0,MPa,WROUGHT
Al$_{0.5}$CrCuFeNi,,,,,,WROUGHT
AlCoCrFeNi,25.0,$^\circ$C,C,1450.0,MPa,ANNEAL
Mo$_{0.3}$NbTiVZr,25.0,$^\circ$C,C,1289.0,MPa,ANNEAL
Al$_{0.667}$Co$_{0.667}$Cr$_{0.667}$Fe$_{0.667}$Ni$_{0.667}$Ti,25.0,$^\circ$C,C,2220.0,MPa,CAST
NbTaTi,400.0,$^\circ$C,C,232.0,MPa,WROUGHT
Al$_{0.1}$CoCrFeNi,25.0,$^\circ$C,T,711.0,MPa,WROUGHT
Al$_{0.774}$FeMn$_{0.903}$Ni$_{0.484}$,,,,,,ANNEAL
CoCrCuFeNiTi$_{0.5}$,25.0,$^\circ$C,C,700.0,MPa,CAST
Mo$_{0.333}$Nb$_{0.333}$Ti$_{0.333}$VZr$_{0.333}$,25.0,$^\circ$C,C,1418.0,MPa,CAST
Hf$_{0.5}$Nb$_{0.667}$Ta$_{0.333}$TiZr$_{0.833}$,-153.0,$^\circ$C,C,1550.0,MPa,WROUGHT
AlCoCuFeNiTi,25.0,$^\circ$C,C,1612.0,MPa,
Al$_{0.143}$Cr$_{0.343}$FeMn$_{0.8}$Ni$_{0.571}$,25.0,$^\circ$C,T,280.0,MPa,CAST
MoNbSi$_{0.75}$TaW,25.0,$^\circ$C,C,2483.0,MPa,POWDER
Al$_{0.214}$Nb$_{0.714}$Ta$_{0.571}$TiV$_{0.143}$Zr$_{0.929}$,800.0,$^\circ$C,C,678.0,MPa,OTHER
CrMoNbTiW,25.0,$^\circ$C,C,2030.0,MPa,POWDER
AlNbTaTi,,,,,,ANNEAL
CoCrFeMnNi,25.0,$^\circ$C,T,930.3,MPa,WROUGHT
CoCrFeNi,25.0,$^\circ$C,T,172.0,MPa,WROUGHT
Al$_{0.25}$Cr$_{0.5}$FeMn$_{0.625}$Ni$_{0.375}$,400.0,$^\circ$C,C,943.0,MPa,CAST
MoNbTaTi,60.0,$^\circ$C,C,1071.0,MPa,ANNEAL
CoCrFeMnNi,,,,,,POWDER
HfNbTaTiZr,320.0,$^\circ$C,,,,WROUGHT
CrCuFeMnNi,25.0,$^\circ$C,T,470.0,MPa,WROUGHT
Al$_{0.312}$Co$_{0.625}$Cr$_{0.625}$Cu$_{0.625}$Fe$_{0.625}$Ni$_{0.625}$Ti,25.0,$^\circ$C,,,,CAST
Al$_{0.667}$CrNb$_{0.667}$Ti$_{0.667}$V$_{0.667}$,1000.0,$^\circ$C,C,75.0,MPa,ANNEAL
CoCrMnNi,25.0,$^\circ$C,T,282.0,MPa,WROUGHT
CoCrFeNiTi$_{0.3}$,,,,,,WROUGHT
CoCrFeNi,,,,,,
AlCrMoTi,1000.0,$^\circ$C,C,375.0,MPa,ANNEAL
CoMnNi,25.0,$^\circ$C,T,601.0,MPa,WROUGHT
AlCoCrCuFeNi,600.0,$^\circ$C,C,561.0,MPa,CAST
Al$_{0.75}$CoCrCu$_{0.25}$FeNiTi$_{0.5}$,25.0,$^\circ$C,C,1900.0,MPa,CAST
HfNbTaTiZr,25.0,$^\circ$C,T,1071.0,MPa,OTHER
AlCoCrCuFeNi,1000.0,$^\circ$C,C,47.0,MPa,CAST
Al$_{0.343}$Co$_{0.514}$Cr$_{0.514}$FeNi$_{0.514}$,25.0,$^\circ$C,C,1166.0,MPa,CAST
Al$_{0.267}$CoCr$_{0.667}$Fe$_{0.667}$Ni$_{0.667}$Ti$_{0.2}$,25.0,$^\circ$C,C,2012.0,MPa,POWDER
AlCo$_{0.667}$Cr$_{0.667}$Fe$_{0.667}$Ni$_{0.667}$,25.0,$^\circ$C,,,,CAST
HfTiZr,25.0,$^\circ$C,C,773.0,MPa,CAST
AlCo$_{0.5}$Cr$_{0.5}$Fe$_{0.5}$Mo$_{0.25}$Ni$_{0.5}$,25.0,$^\circ$C,,,,CAST
AlCo$_{0.435}$Cr$_{0.435}$Cu$_{0.435}$Fe$_{0.435}$,25.0,$^\circ$C,,,,
HfNbTiVZr,25.0,$^\circ$C,C,1140.0,MPa,ANNEAL
AlCo$_{0.277}$Cr$_{0.277}$Cu$_{0.106}$Fe$_{0.255}$Ni$_{0.213}$,,,,,,
AlCrFeNi,25.0,$^\circ$C,C,1406.0,MPa,CAST
CrMo$_{0.5}$NbTa$_{0.5}$TiZr,25.0,$^\circ$C,C,1595.0,MPa,OTHER
HfNbTaTiZr,540.0,$^\circ$C,,,,WROUGHT
AlCo$_{0.5}$CrFe$_{0.147}$Ni$_{0.294}$,,,,,,
HfNbTaTiZr,400.0,$^\circ$C,,,,WROUGHT
AlNbTiVZr$_{0.1}$,800.0,$^\circ$C,C,865.0,MPa,ANNEAL
MoNbTaVW,23.0,$^\circ$C,C,1246.0,MPa,OTHER
Al$_{0.304}$CoCrFeNi,,,,,,WROUGHT
HfNbSi$_{0.5}$TiV,25.0,$^\circ$C,C,1399.0,MPa,CAST
AlCoCrFeNiSi$_{0.8}$,25.0,$^\circ$C,C,2179.0,MPa,CAST
AlNbTaTi,20.0,$^\circ$C,C,1152.0,MPa,CAST
Al$_{0.1}$CoCrFeNi,25.0,$^\circ$C,T,356.0,MPa,WROUGHT
AlMo$_{0.5}$NbTa$_{0.5}$TiZr,1200.0,$^\circ$C,C,250.0,MPa,OTHER
CoCrFeMnNi,25.0,$^\circ$C,T,353.0,MPa,WROUGHT
Al$_{0.833}$Cr$_{0.833}$Cu$_{0.833}$Fe$_{0.833}$Ni,25.0,$^\circ$C,,,,ANNEAL
CoCrCuFeNiV$_{0.087}$,25.0,$^\circ$C,C,307.0,MPa,CAST
CrHfNbTiZr,25.0,$^\circ$C,C,1322.0,MPa,ANNEAL
Al$_{0.429}$Ca$_{0.286}$LiMgSi$_{0.143}$,25.0,$^\circ$C,C,418.0,MPa,CAST
HfMoNbTaTi,1200.0,$^\circ$C,C,699.0,MPa,CAST
MoNbTiZr,25.0,$^\circ$C,C,1592.0,MPa,CAST
HfMoNbTaTiZr,1000.0,$^\circ$C,C,814.0,MPa,CAST
CoCr$_{0.385}$Fe$_{0.154}$Ni$_{0.154}$,25.0,$^\circ$C,T,482.0,MPa,WROUGHT
CoCrCuFeNiV$_{0.042}$,25.0,$^\circ$C,C,303.0,MPa,CAST
CrMoTaTi,300.0,$^\circ$C,C,1183.0,MPa,ANNEAL
CoCrFeNiW$_{0.5}$,25.0,$^\circ$C,C,556.0,MPa,CAST
HfNbTaTiZr,,,,,,OTHER
AlCo$_{0.5}$Cr$_{0.5}$Cu$_{0.5}$Fe$_{0.5}$Ni$_{0.5}$,800.0,$^\circ$C,C,302.0,MPa,CAST
MoNbTaTiVW,600.0,$^\circ$C,C,973.0,MPa,CAST
AlMoNbTi,600.0,$^\circ$C,C,520.0,MPa,ANNEAL
AlCo$_{0.395}$Cr$_{0.349}$Fe$_{0.326}$Ni$_{0.256}$,,,,,,
AlC$_{0.2}$CoCrFeNi,25.0,$^\circ$C,C,906.0,MPa,CAST
Al$_{0.25}$Cr$_{0.5}$Nb$_{0.5}$TiV$_{0.25}$,600.0,$^\circ$C,C,930.0,MPa,ANNEAL
AlCrMoTi,400.0,$^\circ$C,C,1070.0,MPa,ANNEAL
AlCo$_{0.512}$Cr$_{0.535}$Fe$_{0.163}$Ni$_{0.116}$,,,,,,
MoNb$_{0.769}$Ti$_{0.769}$V$_{0.231}$Zr$_{0.769}$,25.0,$^\circ$C,C,1603.0,MPa,ANNEAL
CoCrFeNi,,,,,,
Al$_{0.278}$Co$_{0.694}$Cr$_{0.222}$Fe$_{0.417}$NiTi$_{0.167}$,,,,,,CAST
CoCrFeMo$_{0.15}$Ni,25.0,$^\circ$C,T,1311.0,MPa,WROUGHT
NbTaTiVW,25.0,$^\circ$C,C,1420.0,MPa,CAST
B$_{0.035}$Co$_{0.207}$Cr$_{0.207}$FeMn$_{0.621}$,,,,,,CAST
AlCoCrFeMo$_{0.5}$Ni$_{0.5}$,25.0,$^\circ$C,,,,CAST
CrMoNbTaVW,25.0,$^\circ$C,C,,,CAST
AlNbTiV,1000.0,$^\circ$C,C,110.0,MPa,ANNEAL
Al$_{0.304}$CoCrFeNi,,,,,,ANNEAL
MoNbTaW,1400.0,$^\circ$C,C,421.0,MPa,CAST
NbTaTi,200.0,$^\circ$C,C,378.0,MPa,WROUGHT
NbTaTi,600.0,$^\circ$C,C,222.0,MPa,WROUGHT
HfNbTiZr,1000.0,$^\circ$C,C,154.0,MPa,CAST
CoCrFeNi,-196.0,$^\circ$C,T,590.0,MPa,WROUGHT
MoNb$_{0.769}$Ti$_{0.769}$V$_{0.769}$Zr$_{0.769}$,25.0,$^\circ$C,C,1496.0,MPa,ANNEAL
AlCoFeNiTi,25.0,$^\circ$C,C,,,POWDER
Hf$_{0.5}$Nb$_{0.667}$Ta$_{0.333}$TiZr$_{0.833}$,-268.8,$^\circ$C,C,2250.0,MPa,WROUGHT
HfMoNbTaTiZr,1000.0,$^\circ$C,C,814.0,MPa,CAST
CoCuFeNiSn$_{0.02}$,25.0,$^\circ$C,T,,,CAST
CoCrFeMnNi,25.0,$^\circ$C,T,729.21,MPa,WROUGHT
HfMoNbTiZr,1200.0,$^\circ$C,C,187.0,MPa,ANNEAL
CoCrFeMo$_{0.15}$Ni,25.0,$^\circ$C,T,873.0,MPa,WROUGHT
B$_{0.006}$Co$_{0.201}$Cr$_{0.201}$FeMn$_{0.604}$,,,,,,CAST
NbRe$_{0.3}$TiZr,23.0,$^\circ$C,C,1244.0,MPa,OTHER
CoCrFeMnNi,25.0,$^\circ$C,T,320.0,MPa,WROUGHT
AlCrFeNi,25.0,$^\circ$C,C,843.2,MPa,CAST
CoCrFeMnNiTa$_{0.4}$,,,,,,
HfNbTaTiZr,1200.0,$^\circ$C,C,92.0,MPa,OTHER
HfNbTaTiZr,25.0,$^\circ$C,T,828.0,MPa,CAST
NbTaTiV,25.0,$^\circ$C,C,1092.0,MPa,CAST
CoCrFeNi,25.0,$^\circ$C,T,155.0,MPa,CAST
CoFeNi,25.0,$^\circ$C,C,209.0,MPa,CAST
MoNbTaW,800.0,$^\circ$C,C,552.0,MPa,CAST
CoFeMnNi,25.0,$^\circ$C,T,170.0,MPa,WROUGHT
FeMnNi,25.0,$^\circ$C,T,529.0,MPa,WROUGHT
Al$_{0.15}$Cr$_{0.5}$FeMn$_{0.625}$Ni$_{0.375}$,400.0,$^\circ$C,C,469.0,MPa,CAST
Al$_{0.304}$CoCrFeNi,25.0,$^\circ$C,T,490.0,MPa,WROUGHT
AlCoNiTi,25.0,$^\circ$C,C,,,POWDER
MoNbTiVZr,25.0,$^\circ$C,C,1786.0,MPa,CAST
AlCo$_{0.349}$Cr$_{0.395}$Cu$_{0.116}$Fe$_{0.326}$Ni$_{0.14}$,,,,,,
CoCr$_{0.429}$Fe$_{0.571}$Mo$_{0.286}$Ni$_{0.571}$,25.0,$^\circ$C,T,350.0,MPa,CAST
AlCrMoTi,1000.0,$^\circ$C,C,375.0,MPa,ANNEAL
HfNbTaTiZr,560.0,$^\circ$C,,,,WROUGHT
AlCrCuFeMn,25.0,$^\circ$C,C,1010.0,MPa,POWDER
MoNbTaVW,1000.0,$^\circ$C,C,842.0,MPa,CAST
CoCrFeMnNiV,25.0,$^\circ$C,C,,,CAST
AlCo$_{0.5}$Cr$_{0.5}$Cu$_{0.5}$Fe$_{0.5}$Ni$_{0.5}$,900.0,$^\circ$C,C,214.0,MPa,CAST
CoCrCuFeNiTi$_{0.8}$,25.0,$^\circ$C,C,1042.0,MPa,CAST
Hf$_{0.25}$Nb$_{0.5}$TiV$_{0.5}$Zr$_{0.5}$,600.0,$^\circ$C,C,859.0,MPa,CAST
Al$_{0.8}$CrFeMnNi,25.0,$^\circ$C,C,1200.0,MPa,CAST
NbTa$_{0.3}$TiZr,1000.0,$^\circ$C,C,274.0,MPa,OTHER
AlCoCrFeNi,25.0,$^\circ$C,C,1221.1,MPa,POWDER
AlCoCrFeNi,25.0,$^\circ$C,C,1300.0,MPa,
MoNbTaW,1000.0,$^\circ$C,C,548.0,MPa,CAST
CrMoNbTi,20.0,$^\circ$C,C,1630.0,MPa,ANNEAL
Al$_{0.25}$CoFeNi,25.0,$^\circ$C,C,158.0,MPa,CAST
Al$_{0.5}$CoCrFeMnNiTa$_{0.2}$,,,,,,
Al$_{0.4}$Hf$_{0.6}$NbTaTiZr,1000.0,$^\circ$C,C,298.0,MPa,OTHER
AlCoCrFeNb$_{0.5}$Ni,25.0,$^\circ$C,C,2473.0,MPa,CAST
Al$_{0.8}$CoCrCuFe,25.0,$^\circ$C,,,,
Al$_{0.667}$Co$_{0.667}$Cr$_{0.667}$FeMo$_{0.333}$Ni$_{0.667}$,25.0,$^\circ$C,,,,CAST
CrNbTiVZr,600.0,$^\circ$C,C,1230.0,MPa,OTHER
AlCoCrFeNiTi,25.0,$^\circ$C,C,,,CAST
AlCrCuFeNiTi,25.0,$^\circ$C,C,,,ANNEAL
MoNbTaW,400.0,$^\circ$C,,,,POWDER
Al$_{0.25}$Cr$_{0.417}$Fe$_{0.417}$Ni,25.0,$^\circ$C,T,441.0,MPa,CAST
CrMoTaTi,1000.0,$^\circ$C,C,1159.0,MPa,ANNEAL
Al$_{0.24}$NbTiVZr,1000.0,$^\circ$C,C,82.0,MPa,OTHER
CoCrFeMnNi,,,,,,POWDER
AlCoCrFeNi,25.0,$^\circ$C,C,1150.0,MPa,POWDER
AlCo$_{0.289}$Cr$_{0.158}$Cu$_{0.237}$Fe$_{0.816}$Ni$_{0.132}$,,,,,,
AlCo$_{0.667}$Cr$_{0.667}$Fe$_{0.667}$Ni$_{0.667}$Ti$_{0.333}$,25.0,$^\circ$C,C,1566.0,MPa,CAST
Al$_{0.278}$Co$_{0.556}$Cr$_{0.556}$Cu$_{0.556}$Fe$_{0.556}$Ni$_{0.556}$V,25.0,$^\circ$C,,,,CAST
Al$_{0.304}$CoCrFeNi,25.0,$^\circ$C,T,159.0,MPa,WROUGHT
AlMoNbTi,1200.0,$^\circ$C,C,200.0,MPa,ANNEAL
MoNbTaVW,25.0,$^\circ$C,C,1246.0,MPa,CAST
Co$_{0.875}$Cr$_{0.625}$FeNi,25.0,$^\circ$C,T,241.0,MPa,WROUGHT
C$_{0.041}$CoCrFeMnNb$_{0.041}$Ni,25.0,$^\circ$C,T,732.0,MPa,WROUGHT
MoNbTaW,25.0,$^\circ$C,C,1058.0,MPa,CAST
AlCrMoNbTi,1200.0,$^\circ$C,C,150.0,MPa,ANNEAL
CoFeNi,25.0,$^\circ$C,T,,,WROUGHT
Al$_{0.24}$NbTiVZr,23.0,$^\circ$C,C,1240.0,MPa,OTHER
HfMo$_{0.5}$NbTiV$_{0.5}$,1000.0,$^\circ$C,C,368.0,MPa,CAST
Al$_{0.774}$FeMn$_{0.903}$Ni$_{0.484}$Ti$_{0.097}$,,,,,,ANNEAL
NbTaTi,300.0,$^\circ$C,C,314.0,MPa,WROUGHT
AlLi$_{0.5}$MgSn$_{0.2}$Zn$_{0.5}$,25.0,$^\circ$C,C,546.0,MPa,CAST
NbTiZr,,,,,,ANNEAL
Al$_{0.515}$Cr$_{0.515}$Cu$_{0.515}$Fe$_{0.515}$Ni,25.0,$^\circ$C,C,,,CAST
Al$_{0.465}$Co$_{0.465}$Cr$_{0.465}$Fe$_{0.465}$Ni,25.0,$^\circ$C,T,545.0,MPa,
Al$_{0.774}$FeMn$_{0.903}$Ni$_{0.484}$Ti$_{0.026}$,,,,,,ANNEAL
Al$_{0.1}$Cr$_{0.5}$Cu$_{0.5}$Fe$_{0.5}$Ni,25.0,$^\circ$C,,,,
Al$_{0.278}$Co$_{0.694}$Cr$_{0.222}$Fe$_{0.417}$NiTi$_{0.167}$,700.0,$^\circ$C,T,487.0,MPa,ANNEAL
AlCoCrFeNi,25.0,$^\circ$C,,,,ANNEAL
CoFeNiV,25.0,$^\circ$C,,,,CAST
HfNbTaTiZr,1000.0,$^\circ$C,C,295.0,MPa,OTHER
AlCo$_{0.5}$Cr$_{0.5}$Cu$_{0.5}$Fe$_{0.5}$,25.0,$^\circ$C,,,,
Al$_{0.186}$Cr$_{0.149}$FeMn$_{0.861}$Ni$_{0.28}$,25.0,$^\circ$C,T,954.0,MPa,ANNEAL
AlCo$_{0.581}$Cr$_{0.512}$Fe$_{0.116}$Ni$_{0.116}$,,,,,,
AlCoCrCuFeNi,700.0,$^\circ$C,T,63.0,MPa,WROUGHT
AlCr$_{0.5}$NbTiV,800.0,$^\circ$C,C,640.0,MPa,ANNEAL
Al$_{0.186}$Cr$_{0.149}$FeMn$_{0.861}$Ni$_{0.28}$,25.0,$^\circ$C,T,159.0,MPa,CAST
Al$_{0.5}$Mo$_{0.5}$NbTa$_{0.5}$TiZr,25.0,$^\circ$C,C,2350.0,MPa,OTHER
NbTiZr,1200.0,$^\circ$C,C,61.0,MPa,OTHER
AlNbTaTi,100.0,$^\circ$C,C,740.0,MPa,CAST
Al$_{0.3}$HfNbTaTiZr,25.0,$^\circ$C,C,1188.0,MPa,CAST
HfMoNbTaZr,25.0,$^\circ$C,C,1524.0,MPa,CAST
AlCoCrFeNiSi,25.0,$^\circ$C,C,2411.0,MPa,CAST
AlCo$_{0.404}$Cr$_{0.404}$Cu$_{0.106}$Fe$_{0.106}$Ni$_{0.106}$,,,,,,
C$_{0.429}$CoCrFeNiW$_{0.429}$,,,,,,POWDER
CrFeMnNi,,,,,,
AlCo$_{0.298}$Cr$_{0.426}$Cu$_{0.106}$Fe$_{0.191}$Ni$_{0.106}$,,,,,,
Co$_{0.327}$Cr$_{0.227}$FeMo$_{0.136}$Ni$_{0.127}$,25.0,$^\circ$C,T,711.0,MPa,WROUGHT
AlCu$_{0.077}$Fe$_{0.077}$Mg$_{0.077}$Si$_{0.231}$Zn$_{0.077}$,25.0,$^\circ$C,C,422.0,MPa,CAST
HfMoTaTiZr,1200.0,$^\circ$C,C,404.0,MPa,CAST
Co$_{0.564}$Nb$_{0.795}$Ta$_{0.103}$TiW$_{0.103}$,25.0,$^\circ$C,,,,CAST
HfNbTaTiZr,25.0,$^\circ$C,C,905.0,MPa,CAST
CrCuFeMnNi,25.0,$^\circ$C,,,,CAST
CoMnNi,25.0,$^\circ$C,T,231.0,MPa,WROUGHT
Al$_{0.286}$Cr$_{0.343}$FeMn$_{0.657}$Ni$_{0.571}$,25.0,$^\circ$C,T,1400.0,MPa,WROUGHT
HfNbTaTiZr,340.0,$^\circ$C,,,,WROUGHT
MoNbTaTi,1000.0,$^\circ$C,C,539.0,MPa,ANNEAL
Al$_{0.3}$CoCrFeNi,25.0,$^\circ$C,T,187.0,MPa,WROUGHT
Hf$_{0.25}$Nb$_{0.25}$TiV$_{0.5}$Zr$_{0.5}$,600.0,$^\circ$C,C,718.0,MPa,CAST
AlCrCuFeNi,600.0,$^\circ$C,C,410.0,MPa,POWDER
MoNbSi$_{0.5}$TaW,25.0,$^\circ$C,C,1883.0,MPa,POWDER
C$_{0.5}$CoCrFeMnNi,25.0,$^\circ$C,T,520.9,MPa,WROUGHT
AlCrFeNi,25.0,$^\circ$C,C,1271.0,MPa,
Al$_{0.5}$CoCrCuFeNi,25.0,$^\circ$C,T,650.0,MPa,WROUGHT
Al$_{0.5}$CoCrCuFeNiTi$_{0.8}$,25.0,$^\circ$C,,,,CAST
MoNbTaTi,800.0,$^\circ$C,C,564.0,MPa,ANNEAL
AlCrFeMo$_{0.5}$NiTi$_{0.25}$,25.0,$^\circ$C,C,2161.7,MPa,CAST
Co$_{0.25}$Cr$_{0.25}$FeMn,25.0,$^\circ$C,T,213.0,MPa,CAST
CoCrFeMnNi,25.0,$^\circ$C,T,800.0,MPa,WROUGHT
HfNbTaTiZr,1000.0,$^\circ$C,C,295.0,MPa,OTHER
AlCrNbTiV,600.0,$^\circ$C,C,1015.0,MPa,ANNEAL
CoCrFeMo$_{0.2}$Ni,25.0,$^\circ$C,T,,,ANNEAL
Al$_{0.5}$CoCrFeNiTi$_{0.5}$,25.0,$^\circ$C,C,1100.0,MPa,
MoNbTaW,1200.0,$^\circ$C,C,506.0,MPa,OTHER
Al$_{0.8}$CoCrCuFeNi,25.0,$^\circ$C,,,,CAST
Al$_{0.75}$MoNbTiV,25.0,$^\circ$C,C,1260.0,MPa,CAST
CoCrFeMnNiV$_{0.5}$,25.0,$^\circ$C,C,,,CAST
MoNbTiVZr,1000.0,$^\circ$C,C,467.0,MPa,OTHER
AlCoCrFeNi,,,,,,
AlCoCrCuFeNi,25.0,$^\circ$C,T,790.0,MPa,CAST
CoCrFeNi,,,,,,CAST
C$_{0.053}$CoCrFeMnNi,800.0,$^\circ$C,C,,,ANNEAL
Al$_{0.3}$CoCrFeNi,25.0,$^\circ$C,T,471.0,MPa,WROUGHT
NbTa$_{0.3}$TiZr,1200.0,$^\circ$C,C,102.0,MPa,OTHER
CoCrNi,25.0,$^\circ$C,T,346.0,MPa,WROUGHT
AlCo$_{0.457}$Cr$_{0.391}$Cu$_{0.109}$Fe$_{0.109}$Ni$_{0.109}$,,,,,,
Hf$_{0.5}$Nb$_{0.667}$Ta$_{0.333}$TiZr$_{0.833}$,-43.0,$^\circ$C,C,1020.0,MPa,WROUGHT
HfNbTaTiZr,25.0,$^\circ$C,T,1520.0,MPa,OTHER
Al$_{0.333}$Nb$_{0.667}$Ta$_{0.533}$TiV$_{0.133}$Zr$_{0.667}$,800.0,$^\circ$C,C,796.0,MPa,OTHER
Al$_{0.511}$Co$_{0.511}$Cr$_{0.511}$Fe$_{0.511}$Ni,-70.0,$^\circ$C,T,580.0,MPa,
HfNbTaTiZr,25.0,$^\circ$C,T,1107.0,MPa,OTHER
AlNbTiVZr$_{0.25}$,600.0,$^\circ$C,C,1065.0,MPa,ANNEAL
Al$_{0.5}$CoCrCuFeNiV,25.0,$^\circ$C,,,,CAST
AlCrCuFeNi,,,,,,POWDER
Al$_{0.62}$CoCrFeMnNi,25.0,$^\circ$C,T,833.0,MPa,CAST
CoCrFeMo$_{0.2}$Ni,25.0,$^\circ$C,T,,,ANNEAL
MoNbTaVW,600.0,$^\circ$C,C,862.0,MPa,CAST
MoNbTaTiV,25.0,$^\circ$C,C,1400.0,MPa,CAST
CrNb$_{0.333}$Ti$_{0.333}$Zr$_{0.333}$,1000.0,$^\circ$C,C,139.0,MPa,OTHER
Co$_{0.5}$Fe$_{0.5}$Mo$_{0.1}$NiV$_{0.25}$,-70.0,$^\circ$C,T,350.0,MPa,CAST
Al$_{0.278}$Co$_{0.694}$Cr$_{0.222}$Fe$_{0.417}$NiTi$_{0.167}$,23.0,$^\circ$C,T,520.0,MPa,ANNEAL
